"","Data","Trait","Fold","k","Env","Top_percentage_to_select","Line","Observed","Predicted","Line.1","Observed.1","Predicted.1","Line.2","Observed.2","Predicted.2"
"1","Rice_Kim_2020","y.pheno",1,1,1,0.2,"B1161",3669.6154151956,0,"B1161",3537,0,"B1161",3537,1
"2","Rice_Kim_2020","y.pheno",1,1,1,0.2,"B1009",3649.93214640673,0,"B1009",4189.66666666667,0,"B1009",4189.66666666667,1
"3","Rice_Kim_2020","y.pheno",1,1,1,0.2,"A1257",3739.46987171974,3739.46987171974,"A1257",3457.33333333333,3739.46987171974,"A1257",3457.33333333333,0
"4","Rice_Kim_2020","y.pheno",1,1,1,0.2,"A1320",3643.22067299651,0,"A1320",3344.66666666667,0,"A1320",3344.66666666667,1
"5","Rice_Kim_2020","y.pheno",1,1,1,0.2,"M1353",3605.62320901915,0,"M1353",3580.66666666667,0,"M1353",3580.66666666667,0
"6","Rice_Kim_2020","y.pheno",1,1,1,0.2,"B1019",3673.0201151075,0,"B1019",3510.33333333333,0,"B1019",3510.33333333333,0
"7","Rice_Kim_2020","y.pheno",1,1,1,0.2,"A1272",3746.22771446802,3746.22771446802,"A1272",3919.33333333333,3746.22771446802,"A1272",3919.33333333333,1
"8","Rice_Kim_2020","y.pheno",1,1,1,0.2,"B1219",3669.75245003107,0,"B1219",4006,0,"B1219",4006,0
"9","Rice_Kim_2020","y.pheno",1,1,1,0.2,"B1111",3709.34014928819,0,"B1111",3476,0,"B1111",3476,0
"10","Rice_Kim_2020","y.pheno",1,1,1,0.2,"B1075",3715.05698634189,0,"B1075",3869.33333333333,0,"B1075",3869.33333333333,0
"11","Rice_Kim_2020","y.pheno",1,1,1,0.2,"M1364",3628.46587257317,0,"M1364",3435.33333333333,0,"M1364",3435.33333333333,0
"12","Rice_Kim_2020","y.pheno",1,1,1,0.2,"M1347",3657.5162432195,0,"M1347",3274.33333333333,0,"M1347",3274.33333333333,0
"13","Rice_Kim_2020","y.pheno",1,1,1,0.2,"A1302",3739.02349180015,3739.02349180015,"A1302",3913.66666666667,3739.02349180015,"A1302",3913.66666666667,0
"14","Rice_Kim_2020","y.pheno",1,1,1,0.2,"B1104",3693.17742800665,0,"B1104",3667,0,"B1104",3667,0
"15","Rice_Kim_2020","y.pheno",1,1,1,0.2,"B1207",3718.55118279877,0,"B1207",3501,0,"B1207",3501,0
"16","Rice_Kim_2020","y.pheno",1,1,1,0.2,"A1263",3700.06861135376,0,"A1263",3872.66666666667,0,"A1263",3872.66666666667,0
"17","Rice_Kim_2020","y.pheno",1,1,1,0.2,"B1206",3648.86027503697,0,"B1206",3589.33333333333,0,"B1206",3589.33333333333,0
"18","Rice_Kim_2020","y.pheno",1,1,1,0.2,"B1216",3723.49231302292,3723.49231302292,"B1216",3292,3723.49231302292,"B1216",3292,0
"19","Rice_Kim_2020","y.pheno",1,1,1,0.2,"M1363",3676.45132527462,0,"M1363",3555,0,"M1363",3555,0
"20","Rice_Kim_2020","y.pheno",1,1,1,0.2,"B1007",3632.84051628385,0,"B1007",4259.66666666667,0,"B1007",4259.66666666667,0
"21","Rice_Kim_2020","y.pheno",1,1,1,0.2,"M1354",3607.59759583412,0,"M1354",3545,0,"M1354",3545,0
"22","Rice_Kim_2020","y.pheno",2,1,1,0.2,"M1347",3663.9409954934,0,"M1347",3274.33333333333,0,"M1347",3274.33333333333,0
"23","Rice_Kim_2020","y.pheno",2,1,1,0.2,"B1216",3695.00483641456,0,"B1216",3292,0,"B1216",3292,0
"24","Rice_Kim_2020","y.pheno",2,1,1,0.2,"B1202",3652.44522116368,0,"B1202",3769,0,"B1202",3769,0
"25","Rice_Kim_2020","y.pheno",2,1,1,0.2,"A1262",3668.17638285303,0,"A1262",4449.33333333333,0,"A1262",4449.33333333333,0
"26","Rice_Kim_2020","y.pheno",2,1,1,0.2,"A1318",3658.07876290368,0,"A1318",3566.33333333333,0,"A1318",3566.33333333333,0
"27","Rice_Kim_2020","y.pheno",2,1,1,0.2,"A1264",3702.04159708548,3702.04159708548,"A1264",3700.33333333333,3702.04159708548,"A1264",3700.33333333333,1
"28","Rice_Kim_2020","y.pheno",2,1,1,0.2,"A1275",3693.10008238884,0,"A1275",3743.33333333333,0,"A1275",3743.33333333333,0
"29","Rice_Kim_2020","y.pheno",2,1,1,0.2,"M1360",3644.84580590579,0,"M1360",3484.33333333333,0,"M1360",3484.33333333333,0
"30","Rice_Kim_2020","y.pheno",2,1,1,0.2,"B1218",3740.27694493801,3740.27694493801,"B1218",3675.66666666667,3740.27694493801,"B1218",3675.66666666667,0
"31","Rice_Kim_2020","y.pheno",2,1,1,0.2,"B1209",3695.388250201,0,"B1209",3469,0,"B1209",3469,0
"32","Rice_Kim_2020","y.pheno",2,1,1,0.2,"B1011",3685.51420426031,0,"B1011",3869.66666666667,0,"B1011",3869.66666666667,0
"33","Rice_Kim_2020","y.pheno",2,1,1,0.2,"B1062",3700.90320060518,3700.90320060518,"B1062",3991.66666666667,3700.90320060518,"B1062",3991.66666666667,0
"34","Rice_Kim_2020","y.pheno",2,1,1,0.2,"B1208",3676.86307197176,0,"B1208",3766.66666666667,0,"B1208",3766.66666666667,0
"35","Rice_Kim_2020","y.pheno",2,1,1,0.2,"B1158",3691.38638024814,0,"B1158",4039.33333333333,0,"B1158",4039.33333333333,0
"36","Rice_Kim_2020","y.pheno",2,1,1,0.2,"A1259",3719.65677305329,3719.65677305329,"A1259",3836,3719.65677305329,"A1259",3836,1
"37","Rice_Kim_2020","y.pheno",2,1,1,0.2,"B1217",3654.14122665438,0,"B1217",3469,0,"B1217",3469,0
"38","Rice_Kim_2020","y.pheno",2,1,1,0.2,"M1363",3692.14572920248,0,"M1363",3555,0,"M1363",3555,0
"39","Rice_Kim_2020","y.pheno",2,1,1,0.2,"B1105",3688.84529760355,0,"B1105",3729.33333333333,0,"B1105",3729.33333333333,0
"40","Rice_Kim_2020","y.pheno",2,1,1,0.2,"B1155",3672.7362142103,0,"B1155",3459,0,"B1155",3459,1
"41","Rice_Kim_2020","y.pheno",2,1,1,0.2,"M1463",3669.0749030785,0,"M1463",3451.66666666667,0,"M1463",3451.66666666667,0
"42","Rice_Kim_2020","y.pheno",2,1,1,0.2,"A1319",3647.53554581093,0,"A1319",3638,0,"A1319",3638,1
"43","Rice_Kim_2020","y.pheno",3,1,1,0.2,"A1261",3768.40717716168,3768.40717716168,"A1261",4085,3768.40717716168,"A1261",4085,0
"44","Rice_Kim_2020","y.pheno",3,1,1,0.2,"B1110",3616.07849591171,0,"B1110",3876.66666666667,0,"B1110",3876.66666666667,0
"45","Rice_Kim_2020","y.pheno",3,1,1,0.2,"A1269",3688.9844972037,0,"A1269",3767,0,"A1269",3767,0
"46","Rice_Kim_2020","y.pheno",3,1,1,0.2,"M1464",3719.30277194438,3719.30277194438,"M1464",3561,3719.30277194438,"M1464",3561,1
"47","Rice_Kim_2020","y.pheno",3,1,1,0.2,"B1005",3706.84866083446,3706.84866083446,"B1005",3829.33333333333,3706.84866083446,"B1005",3829.33333333333,1
"48","Rice_Kim_2020","y.pheno",3,1,1,0.2,"M1469",3604.46787416947,0,"M1469",3485.33333333333,0,"M1469",3485.33333333333,0
"49","Rice_Kim_2020","y.pheno",3,1,1,0.2,"M1362",3719.59041416208,3719.59041416208,"M1362",3427.33333333333,3719.59041416208,"M1362",3427.33333333333,1
"50","Rice_Kim_2020","y.pheno",3,1,1,0.2,"A1264",3685.01392358131,0,"A1264",3700.33333333333,0,"A1264",3700.33333333333,0
"51","Rice_Kim_2020","y.pheno",3,1,1,0.2,"A1279",3694.74208696221,0,"A1279",3714.33333333333,0,"A1279",3714.33333333333,0
"52","Rice_Kim_2020","y.pheno",3,1,1,0.2,"B1207",3702.26066618264,0,"B1207",3501,0,"B1207",3501,0
"53","Rice_Kim_2020","y.pheno",3,1,1,0.2,"B1105",3634.0104161813,0,"B1105",3729.33333333333,0,"B1105",3729.33333333333,0
"54","Rice_Kim_2020","y.pheno",3,1,1,0.2,"B1010",3672.11338059552,0,"B1010",3960.33333333333,0,"B1010",3960.33333333333,1
"55","Rice_Kim_2020","y.pheno",3,1,1,0.2,"B1060",3626.00225101249,0,"B1060",3756,0,"B1060",3756,0
"56","Rice_Kim_2020","y.pheno",3,1,1,0.2,"M1367",3635.06474680206,0,"M1367",3344,0,"M1367",3344,0
"57","Rice_Kim_2020","y.pheno",3,1,1,0.2,"B1007",3564.97285417553,0,"B1007",4259.66666666667,0,"B1007",4259.66666666667,0
"58","Rice_Kim_2020","y.pheno",3,1,1,0.2,"B1159",3700.38534764057,0,"B1159",3696,0,"B1159",3696,0
"59","Rice_Kim_2020","y.pheno",3,1,1,0.2,"A1314",3691.4414346053,0,"A1314",3633.66666666667,0,"A1314",3633.66666666667,0
"60","Rice_Kim_2020","y.pheno",3,1,1,0.2,"M1471",3698.71851029995,0,"M1471",3415.33333333333,0,"M1471",3415.33333333333,0
"61","Rice_Kim_2020","y.pheno",3,1,1,0.2,"M1360",3635.9367747859,0,"M1360",3484.33333333333,0,"M1360",3484.33333333333,0
"62","Rice_Kim_2020","y.pheno",3,1,1,0.2,"A1265",3614.92226137304,0,"A1265",3565.66666666667,0,"A1265",3565.66666666667,0
"63","Rice_Kim_2020","y.pheno",3,1,1,0.2,"M1354",3605.66873616567,0,"M1354",3545,0,"M1354",3545,0
"64","Rice_Kim_2020","y.pheno",4,1,1,0.2,"B1208",3631.28221331267,0,"B1208",3766.66666666667,0,"B1208",3766.66666666667,0
"65","Rice_Kim_2020","y.pheno",4,1,1,0.2,"B1075",3661.32407991522,0,"B1075",3869.33333333333,0,"B1075",3869.33333333333,0
"66","Rice_Kim_2020","y.pheno",4,1,1,0.2,"A1259",3702.64591152556,0,"A1259",3836,0,"A1259",3836,1
"67","Rice_Kim_2020","y.pheno",4,1,1,0.2,"B1203",3728.33520005627,0,"B1203",3688,0,"B1203",3688,0
"68","Rice_Kim_2020","y.pheno",4,1,1,0.2,"B1053",3706.21031799666,0,"B1053",3761.33333333333,0,"B1053",3761.33333333333,0
"69","Rice_Kim_2020","y.pheno",4,1,1,0.2,"B1110",3642.06771181206,0,"B1110",3876.66666666667,0,"B1110",3876.66666666667,0
"70","Rice_Kim_2020","y.pheno",4,1,1,0.2,"M1469",3651.9967398648,0,"M1469",3485.33333333333,0,"M1469",3485.33333333333,1
"71","Rice_Kim_2020","y.pheno",4,1,1,0.2,"B1106",3681.94304088262,0,"B1106",3807,0,"B1106",3807,0
"72","Rice_Kim_2020","y.pheno",4,1,1,0.2,"A1316",3710.22943328636,0,"A1316",3826.66666666667,0,"A1316",3826.66666666667,0
"73","Rice_Kim_2020","y.pheno",4,1,1,0.2,"B1153",3715.46887203526,0,"B1153",3790.33333333333,0,"B1153",3790.33333333333,0
"74","Rice_Kim_2020","y.pheno",4,1,1,0.2,"A1258",3675.77906188781,0,"A1258",3911,0,"A1258",3911,1
"75","Rice_Kim_2020","y.pheno",4,1,1,0.2,"A1309",3805.90989713895,3805.90989713895,"A1309",3821.66666666667,3805.90989713895,"A1309",3821.66666666667,0
"76","Rice_Kim_2020","y.pheno",4,1,1,0.2,"A1257",3717.81039959225,0,"A1257",3457.33333333333,0,"A1257",3457.33333333333,0
"77","Rice_Kim_2020","y.pheno",4,1,1,0.2,"M1345",3598.57722604369,0,"M1345",3346.33333333333,0,"M1345",3346.33333333333,0
"78","Rice_Kim_2020","y.pheno",4,1,1,0.2,"A1321",3733.54799710994,3733.54799710994,"A1321",3484.66666666667,3733.54799710994,"A1321",3484.66666666667,0
"79","Rice_Kim_2020","y.pheno",4,1,1,0.2,"A1312",3777.35086116556,3777.35086116556,"A1312",3824.66666666667,3777.35086116556,"A1312",3824.66666666667,0
"80","Rice_Kim_2020","y.pheno",4,1,1,0.2,"B1060",3633.973279556,0,"B1060",3756,0,"B1060",3756,0
"81","Rice_Kim_2020","y.pheno",4,1,1,0.2,"M1358",3609.84784295577,0,"M1358",3476,0,"M1358",3476,0
"82","Rice_Kim_2020","y.pheno",4,1,1,0.2,"M1364",3629.94097084984,0,"M1364",3435.33333333333,0,"M1364",3435.33333333333,1
"83","Rice_Kim_2020","y.pheno",4,1,1,0.2,"A1318",3650.02932203006,0,"A1318",3566.33333333333,0,"A1318",3566.33333333333,0
"84","Rice_Kim_2020","y.pheno",4,1,1,0.2,"B1058",3743.8310363056,3743.8310363056,"B1058",3614,3743.8310363056,"B1058",3614,0
"85","Rice_Kim_2020","y.pheno",5,1,1,0.2,"B1159",3740.8052106527,0,"B1159",3696,0,"B1159",3696,0
"86","Rice_Kim_2020","y.pheno",5,1,1,0.2,"B1107",3536.04899170066,0,"B1107",3446.33333333333,0,"B1107",3446.33333333333,1
"87","Rice_Kim_2020","y.pheno",5,1,1,0.2,"B1216",3684.3259376963,0,"B1216",3292,0,"B1216",3292,0
"88","Rice_Kim_2020","y.pheno",5,1,1,0.2,"B1208",3654.97975923007,0,"B1208",3766.66666666667,0,"B1208",3766.66666666667,0
"89","Rice_Kim_2020","y.pheno",5,1,1,0.2,"B1011",3618.48489654648,0,"B1011",3869.66666666667,0,"B1011",3869.66666666667,0
"90","Rice_Kim_2020","y.pheno",5,1,1,0.2,"M1347",3607.97334846962,0,"M1347",3274.33333333333,0,"M1347",3274.33333333333,0
"91","Rice_Kim_2020","y.pheno",5,1,1,0.2,"M1361",3610.38966665408,0,"M1361",3684.66666666667,0,"M1361",3684.66666666667,0
"92","Rice_Kim_2020","y.pheno",5,1,1,0.2,"B1203",3661.08571345958,0,"B1203",3688,0,"B1203",3688,0
"93","Rice_Kim_2020","y.pheno",5,1,1,0.2,"A1277",3704.72366660674,0,"A1277",3715.66666666667,0,"A1277",3715.66666666667,0
"94","Rice_Kim_2020","y.pheno",5,1,1,0.2,"A1259",3741.52432695281,0,"A1259",3836,0,"A1259",3836,0
"95","Rice_Kim_2020","y.pheno",5,1,1,0.2,"B1008",3761.49475179102,3761.49475179102,"B1008",3924,3761.49475179102,"B1008",3924,1
"96","Rice_Kim_2020","y.pheno",5,1,1,0.2,"B1110",3601.46523882532,0,"B1110",3876.66666666667,0,"B1110",3876.66666666667,0
"97","Rice_Kim_2020","y.pheno",5,1,1,0.2,"B1058",3757.85214367765,3757.85214367765,"B1058",3614,3757.85214367765,"B1058",3614,0
"98","Rice_Kim_2020","y.pheno",5,1,1,0.2,"B1103",3663.08642529302,0,"B1103",3728,0,"B1103",3728,0
"99","Rice_Kim_2020","y.pheno",5,1,1,0.2,"B1209",3677.51761800832,0,"B1209",3469,0,"B1209",3469,1
"100","Rice_Kim_2020","y.pheno",5,1,1,0.2,"A1274",3732.84812540987,0,"A1274",4029,0,"A1274",4029,0
"101","Rice_Kim_2020","y.pheno",5,1,1,0.2,"A1311",3837.3743305808,3837.3743305808,"A1311",3748,3837.3743305808,"A1311",3748,0
"102","Rice_Kim_2020","y.pheno",5,1,1,0.2,"A1312",3769.62377193457,3769.62377193457,"A1312",3824.66666666667,3769.62377193457,"A1312",3824.66666666667,0
"103","Rice_Kim_2020","y.pheno",5,1,1,0.2,"B1206",3599.75110115408,0,"B1206",3589.33333333333,0,"B1206",3589.33333333333,0
"104","Rice_Kim_2020","y.pheno",5,1,1,0.2,"M1351",3605.19484083901,0,"M1351",3586.33333333333,0,"M1351",3586.33333333333,1
"105","Rice_Kim_2020","y.pheno",5,1,1,0.2,"B1207",3681.90017464179,0,"B1207",3501,0,"B1207",3501,0
"106","Rice_Kim_2020","y.pheno",1,1,2,0.2,"B1161",2197.56188714058,0,"B1161",2322.66666666667,0,"B1161",2322.66666666667,1
"107","Rice_Kim_2020","y.pheno",1,1,2,0.2,"B1009",2308.72025904042,0,"B1009",1965.33333333333,0,"B1009",1965.33333333333,1
"108","Rice_Kim_2020","y.pheno",1,1,2,0.2,"A1257",2404.07416602311,2404.07416602311,"A1257",2358.33333333333,2404.07416602311,"A1257",2358.33333333333,0
"109","Rice_Kim_2020","y.pheno",1,1,2,0.2,"A1320",2361.08706953295,0,"A1320",2813.16666666667,0,"A1320",2813.16666666667,1
"110","Rice_Kim_2020","y.pheno",1,1,2,0.2,"M1353",1950.79876179306,0,"M1353",1793.5,0,"M1353",1793.5,0
"111","Rice_Kim_2020","y.pheno",1,1,2,0.2,"B1019",2345.65586898634,0,"B1019",2182.83333333333,0,"B1019",2182.83333333333,0
"112","Rice_Kim_2020","y.pheno",1,1,2,0.2,"A1272",2406.0237978916,2406.0237978916,"A1272",2756.16666666667,2406.0237978916,"A1272",2756.16666666667,1
"113","Rice_Kim_2020","y.pheno",1,1,2,0.2,"B1219",2378.5504473025,0,"B1219",2455.5,0,"B1219",2455.5,0
"114","Rice_Kim_2020","y.pheno",1,1,2,0.2,"B1111",2162.16929254873,0,"B1111",2360.66666666667,0,"B1111",2360.66666666667,0
"115","Rice_Kim_2020","y.pheno",1,1,2,0.2,"B1075",2429.78768786686,2429.78768786686,"B1075",2080.5,2429.78768786686,"B1075",2080.5,0
"116","Rice_Kim_2020","y.pheno",1,1,2,0.2,"M1364",2323.90797693548,0,"M1364",2165.16666666667,0,"M1364",2165.16666666667,0
"117","Rice_Kim_2020","y.pheno",1,1,2,0.2,"M1347",2238.33451160651,0,"M1347",1907.83333333333,0,"M1347",1907.83333333333,0
"118","Rice_Kim_2020","y.pheno",1,1,2,0.2,"A1302",2302.87126688897,0,"A1302",2409.16666666667,0,"A1302",2409.16666666667,0
"119","Rice_Kim_2020","y.pheno",1,1,2,0.2,"B1104",2225.18781842309,0,"B1104",3090.16666666667,0,"B1104",3090.16666666667,0
"120","Rice_Kim_2020","y.pheno",1,1,2,0.2,"B1207",2403.91307136884,2403.91307136884,"B1207",2741.66666666667,2403.91307136884,"B1207",2741.66666666667,0
"121","Rice_Kim_2020","y.pheno",1,1,2,0.2,"A1263",2234.61610151123,0,"A1263",2500.66666666667,0,"A1263",2500.66666666667,0
"122","Rice_Kim_2020","y.pheno",1,1,2,0.2,"B1206",2327.71307566105,0,"B1206",2720,0,"B1206",2720,0
"123","Rice_Kim_2020","y.pheno",1,1,2,0.2,"B1216",2346.59162208492,0,"B1216",2369.5,0,"B1216",2369.5,0
"124","Rice_Kim_2020","y.pheno",1,1,2,0.2,"M1363",2379.82405503421,0,"M1363",1994.33333333333,0,"M1363",1994.33333333333,0
"125","Rice_Kim_2020","y.pheno",1,1,2,0.2,"B1007",2228.89061333578,0,"B1007",2759.5,0,"B1007",2759.5,0
"126","Rice_Kim_2020","y.pheno",1,1,2,0.2,"M1354",1952.81336841109,0,"M1354",1847.83333333333,0,"M1354",1847.83333333333,0
"127","Rice_Kim_2020","y.pheno",2,1,2,0.2,"M1347",2289.18943355184,0,"M1347",1907.83333333333,0,"M1347",1907.83333333333,0
"128","Rice_Kim_2020","y.pheno",2,1,2,0.2,"B1216",2323.12784835905,0,"B1216",2369.5,0,"B1216",2369.5,0
"129","Rice_Kim_2020","y.pheno",2,1,2,0.2,"B1202",2227.8975451188,0,"B1202",1782.83333333333,0,"B1202",1782.83333333333,0
"130","Rice_Kim_2020","y.pheno",2,1,2,0.2,"A1262",2259.3492499955,0,"A1262",2358.83333333333,0,"A1262",2358.83333333333,0
"131","Rice_Kim_2020","y.pheno",2,1,2,0.2,"A1318",2314.86370333112,0,"A1318",2178.66666666667,0,"A1318",2178.66666666667,0
"132","Rice_Kim_2020","y.pheno",2,1,2,0.2,"A1264",2430.88283578735,0,"A1264",2466.33333333333,0,"A1264",2466.33333333333,1
"133","Rice_Kim_2020","y.pheno",2,1,2,0.2,"A1275",2531.64235614738,2531.64235614738,"A1275",2842.16666666667,2531.64235614738,"A1275",2842.16666666667,0
"134","Rice_Kim_2020","y.pheno",2,1,2,0.2,"M1360",2133.70712880319,0,"M1360",1586,0,"M1360",1586,0
"135","Rice_Kim_2020","y.pheno",2,1,2,0.2,"B1218",2622.86174128197,2622.86174128197,"B1218",2308.83333333333,2622.86174128197,"B1218",2308.83333333333,0
"136","Rice_Kim_2020","y.pheno",2,1,2,0.2,"B1209",2375.17245411677,0,"B1209",1810.33333333333,0,"B1209",1810.33333333333,0
"137","Rice_Kim_2020","y.pheno",2,1,2,0.2,"B1011",2529.69700603552,2529.69700603552,"B1011",2145.33333333333,2529.69700603552,"B1011",2145.33333333333,0
"138","Rice_Kim_2020","y.pheno",2,1,2,0.2,"B1062",2238.60651744575,0,"B1062",2740,0,"B1062",2740,0
"139","Rice_Kim_2020","y.pheno",2,1,2,0.2,"B1208",2276.02956841715,0,"B1208",2684.5,0,"B1208",2684.5,0
"140","Rice_Kim_2020","y.pheno",2,1,2,0.2,"B1158",2317.06119871367,0,"B1158",2237.5,0,"B1158",2237.5,0
"141","Rice_Kim_2020","y.pheno",2,1,2,0.2,"A1259",2387.12644547552,0,"A1259",2420.5,0,"A1259",2420.5,1
"142","Rice_Kim_2020","y.pheno",2,1,2,0.2,"B1217",2408.41481686066,0,"B1217",2343.66666666667,0,"B1217",2343.66666666667,0
"143","Rice_Kim_2020","y.pheno",2,1,2,0.2,"M1363",2345.14636873012,0,"M1363",1994.33333333333,0,"M1363",1994.33333333333,0
"144","Rice_Kim_2020","y.pheno",2,1,2,0.2,"B1105",2518.04323574924,2518.04323574924,"B1105",2204.33333333333,2518.04323574924,"B1105",2204.33333333333,0
"145","Rice_Kim_2020","y.pheno",2,1,2,0.2,"B1155",2194.7074415354,0,"B1155",2030.5,0,"B1155",2030.5,1
"146","Rice_Kim_2020","y.pheno",2,1,2,0.2,"M1463",2429.03654098855,0,"M1463",2225.66666666667,0,"M1463",2225.66666666667,0
"147","Rice_Kim_2020","y.pheno",2,1,2,0.2,"A1319",2306.72641732982,0,"A1319",2024.83333333333,0,"A1319",2024.83333333333,1
"148","Rice_Kim_2020","y.pheno",3,1,2,0.2,"A1261",2433.4871511498,2433.4871511498,"A1261",2687.66666666667,2433.4871511498,"A1261",2687.66666666667,0
"149","Rice_Kim_2020","y.pheno",3,1,2,0.2,"B1110",2365.37608047084,0,"B1110",1879.83333333333,0,"B1110",1879.83333333333,0
"150","Rice_Kim_2020","y.pheno",3,1,2,0.2,"A1269",2586.0509263428,2586.0509263428,"A1269",2730.5,2586.0509263428,"A1269",2730.5,0
"151","Rice_Kim_2020","y.pheno",3,1,2,0.2,"M1464",2395.82174758908,0,"M1464",2250.66666666667,0,"M1464",2250.66666666667,1
"152","Rice_Kim_2020","y.pheno",3,1,2,0.2,"B1005",2410.61833092148,0,"B1005",1634,0,"B1005",1634,1
"153","Rice_Kim_2020","y.pheno",3,1,2,0.2,"M1469",2295.58965212704,0,"M1469",2275,0,"M1469",2275,0
"154","Rice_Kim_2020","y.pheno",3,1,2,0.2,"M1362",2242.02621557277,0,"M1362",2034.33333333333,0,"M1362",2034.33333333333,1
"155","Rice_Kim_2020","y.pheno",3,1,2,0.2,"A1264",2419.32919483049,0,"A1264",2466.33333333333,0,"A1264",2466.33333333333,0
"156","Rice_Kim_2020","y.pheno",3,1,2,0.2,"A1279",2395.03144237144,0,"A1279",2982.5,0,"A1279",2982.5,0
"157","Rice_Kim_2020","y.pheno",3,1,2,0.2,"B1207",2502.38071427119,2502.38071427119,"B1207",2741.66666666667,2502.38071427119,"B1207",2741.66666666667,0
"158","Rice_Kim_2020","y.pheno",3,1,2,0.2,"B1105",2329.57908074026,0,"B1105",2204.33333333333,0,"B1105",2204.33333333333,0
"159","Rice_Kim_2020","y.pheno",3,1,2,0.2,"B1010",2467.23603707,2467.23603707,"B1010",2189,2467.23603707,"B1010",2189,1
"160","Rice_Kim_2020","y.pheno",3,1,2,0.2,"B1060",2293.43080242828,0,"B1060",2060.83333333333,0,"B1060",2060.83333333333,0
"161","Rice_Kim_2020","y.pheno",3,1,2,0.2,"M1367",2370.65505667021,0,"M1367",2783.33333333333,0,"M1367",2783.33333333333,0
"162","Rice_Kim_2020","y.pheno",3,1,2,0.2,"B1007",2323.65472431018,0,"B1007",2759.5,0,"B1007",2759.5,0
"163","Rice_Kim_2020","y.pheno",3,1,2,0.2,"B1159",2395.29289634333,0,"B1159",1833.33333333333,0,"B1159",1833.33333333333,0
"164","Rice_Kim_2020","y.pheno",3,1,2,0.2,"A1314",2412.90742069657,0,"A1314",1781.16666666667,0,"A1314",1781.16666666667,0
"165","Rice_Kim_2020","y.pheno",3,1,2,0.2,"M1471",2285.95501289106,0,"M1471",2322.5,0,"M1471",2322.5,0
"166","Rice_Kim_2020","y.pheno",3,1,2,0.2,"M1360",2119.21887019594,0,"M1360",1586,0,"M1360",1586,0
"167","Rice_Kim_2020","y.pheno",3,1,2,0.2,"A1265",2322.75756711759,0,"A1265",2538.5,0,"A1265",2538.5,0
"168","Rice_Kim_2020","y.pheno",3,1,2,0.2,"M1354",1962.54851387041,0,"M1354",1847.83333333333,0,"M1354",1847.83333333333,0
"169","Rice_Kim_2020","y.pheno",4,1,2,0.2,"B1208",2237.33764146246,0,"B1208",2684.5,0,"B1208",2684.5,0
"170","Rice_Kim_2020","y.pheno",4,1,2,0.2,"B1075",2426.24025312942,2426.24025312942,"B1075",2080.5,2426.24025312942,"B1075",2080.5,0
"171","Rice_Kim_2020","y.pheno",4,1,2,0.2,"A1259",2328.85389209221,0,"A1259",2420.5,0,"A1259",2420.5,1
"172","Rice_Kim_2020","y.pheno",4,1,2,0.2,"B1203",2223.11113448952,0,"B1203",2176.83333333333,0,"B1203",2176.83333333333,0
"173","Rice_Kim_2020","y.pheno",4,1,2,0.2,"B1053",2361.36459385159,0,"B1053",3031.83333333333,0,"B1053",3031.83333333333,0
"174","Rice_Kim_2020","y.pheno",4,1,2,0.2,"B1110",2252.39234932924,0,"B1110",1879.83333333333,0,"B1110",1879.83333333333,0
"175","Rice_Kim_2020","y.pheno",4,1,2,0.2,"M1469",2295.99827159047,0,"M1469",2275,0,"M1469",2275,1
"176","Rice_Kim_2020","y.pheno",4,1,2,0.2,"B1106",2449.81968602211,2449.81968602211,"B1106",2081.5,2449.81968602211,"B1106",2081.5,0
"177","Rice_Kim_2020","y.pheno",4,1,2,0.2,"A1316",2329.42893111341,0,"A1316",2567.16666666667,0,"A1316",2567.16666666667,0
"178","Rice_Kim_2020","y.pheno",4,1,2,0.2,"B1153",2232.60750063012,0,"B1153",2530.5,0,"B1153",2530.5,0
"179","Rice_Kim_2020","y.pheno",4,1,2,0.2,"A1258",2550.60933993521,2550.60933993521,"A1258",2903.5,2550.60933993521,"A1258",2903.5,1
"180","Rice_Kim_2020","y.pheno",4,1,2,0.2,"A1309",2426.20652334315,2426.20652334315,"A1309",2317.33333333333,2426.20652334315,"A1309",2317.33333333333,0
"181","Rice_Kim_2020","y.pheno",4,1,2,0.2,"A1257",2384.43746414475,0,"A1257",2358.33333333333,0,"A1257",2358.33333333333,0
"182","Rice_Kim_2020","y.pheno",4,1,2,0.2,"M1345",2210.41929468436,0,"M1345",2630.66666666667,0,"M1345",2630.66666666667,0
"183","Rice_Kim_2020","y.pheno",4,1,2,0.2,"A1321",2332.31970433894,0,"A1321",2197.16666666667,0,"A1321",2197.16666666667,0
"184","Rice_Kim_2020","y.pheno",4,1,2,0.2,"A1312",2401.98675667816,0,"A1312",2289.5,0,"A1312",2289.5,0
"185","Rice_Kim_2020","y.pheno",4,1,2,0.2,"B1060",2255.12419353876,0,"B1060",2060.83333333333,0,"B1060",2060.83333333333,0
"186","Rice_Kim_2020","y.pheno",4,1,2,0.2,"M1358",2305.77508677807,0,"M1358",1745.5,0,"M1358",1745.5,0
"187","Rice_Kim_2020","y.pheno",4,1,2,0.2,"M1364",2276.25550699535,0,"M1364",2165.16666666667,0,"M1364",2165.16666666667,1
"188","Rice_Kim_2020","y.pheno",4,1,2,0.2,"A1318",2304.07421540841,0,"A1318",2178.66666666667,0,"A1318",2178.66666666667,0
"189","Rice_Kim_2020","y.pheno",4,1,2,0.2,"B1058",2223.43218591859,0,"B1058",3039,0,"B1058",3039,0
"190","Rice_Kim_2020","y.pheno",5,1,2,0.2,"B1159",2200.65341288114,0,"B1159",1833.33333333333,0,"B1159",1833.33333333333,0
"191","Rice_Kim_2020","y.pheno",5,1,2,0.2,"B1107",1962.23209944022,0,"B1107",2336.16666666667,0,"B1107",2336.16666666667,1
"192","Rice_Kim_2020","y.pheno",5,1,2,0.2,"B1216",2308.8966713156,0,"B1216",2369.5,0,"B1216",2369.5,0
"193","Rice_Kim_2020","y.pheno",5,1,2,0.2,"B1208",2169.31382010608,0,"B1208",2684.5,0,"B1208",2684.5,0
"194","Rice_Kim_2020","y.pheno",5,1,2,0.2,"B1011",2460.37986251465,0,"B1011",2145.33333333333,0,"B1011",2145.33333333333,0
"195","Rice_Kim_2020","y.pheno",5,1,2,0.2,"M1347",2226.50376580769,0,"M1347",1907.83333333333,0,"M1347",1907.83333333333,0
"196","Rice_Kim_2020","y.pheno",5,1,2,0.2,"M1361",1889.0879545748,0,"M1361",1967.33333333333,0,"M1361",1967.33333333333,0
"197","Rice_Kim_2020","y.pheno",5,1,2,0.2,"B1203",2118.89160457711,0,"B1203",2176.83333333333,0,"B1203",2176.83333333333,0
"198","Rice_Kim_2020","y.pheno",5,1,2,0.2,"A1277",2597.90223419036,2597.90223419036,"A1277",2349.16666666667,2597.90223419036,"A1277",2349.16666666667,0
"199","Rice_Kim_2020","y.pheno",5,1,2,0.2,"A1259",2429.39933669284,0,"A1259",2420.5,0,"A1259",2420.5,0
"200","Rice_Kim_2020","y.pheno",5,1,2,0.2,"B1008",2230.53783238671,0,"B1008",2194.16666666667,0,"B1008",2194.16666666667,1
"201","Rice_Kim_2020","y.pheno",5,1,2,0.2,"B1110",2233.86368231555,0,"B1110",1879.83333333333,0,"B1110",1879.83333333333,0
"202","Rice_Kim_2020","y.pheno",5,1,2,0.2,"B1058",2288.79296034997,0,"B1058",3039,0,"B1058",3039,0
"203","Rice_Kim_2020","y.pheno",5,1,2,0.2,"B1103",2215.52820855069,0,"B1103",2509.16666666667,0,"B1103",2509.16666666667,0
"204","Rice_Kim_2020","y.pheno",5,1,2,0.2,"B1209",2358.93188966705,0,"B1209",1810.33333333333,0,"B1209",1810.33333333333,1
"205","Rice_Kim_2020","y.pheno",5,1,2,0.2,"A1274",2561.58787796182,2561.58787796182,"A1274",2579.16666666667,2561.58787796182,"A1274",2579.16666666667,0
"206","Rice_Kim_2020","y.pheno",5,1,2,0.2,"A1311",2531.18694060074,2531.18694060074,"A1311",2427.16666666667,2531.18694060074,"A1311",2427.16666666667,0
"207","Rice_Kim_2020","y.pheno",5,1,2,0.2,"A1312",2350.1308293383,0,"A1312",2289.5,0,"A1312",2289.5,0
"208","Rice_Kim_2020","y.pheno",5,1,2,0.2,"B1206",2233.59020028982,0,"B1206",2720,0,"B1206",2720,0
"209","Rice_Kim_2020","y.pheno",5,1,2,0.2,"M1351",1876.22015449908,0,"M1351",1964.5,0,"M1351",1964.5,1
"210","Rice_Kim_2020","y.pheno",5,1,2,0.2,"B1207",2461.14548955511,2461.14548955511,"B1207",2741.66666666667,2461.14548955511,"B1207",2741.66666666667,0
"211","Rice_Kim_2020","y.pheno",1,1,3,0.2,"B1161",3979.07907522589,0,"B1161",3630.33333333333,0,"B1161",3630.33333333333,1
"212","Rice_Kim_2020","y.pheno",1,1,3,0.2,"B1009",3921.33232048971,0,"B1009",4101.33333333333,0,"B1009",4101.33333333333,1
"213","Rice_Kim_2020","y.pheno",1,1,3,0.2,"A1257",4017.21450081009,4017.21450081009,"A1257",3934,4017.21450081009,"A1257",3934,0
"214","Rice_Kim_2020","y.pheno",1,1,3,0.2,"A1320",3926.85971576546,0,"A1320",3589,0,"A1320",3589,1
"215","Rice_Kim_2020","y.pheno",1,1,3,0.2,"M1353",3901.92888014223,0,"M1353",3931.33333333333,0,"M1353",3931.33333333333,0
"216","Rice_Kim_2020","y.pheno",1,1,3,0.2,"B1019",3919.52604506982,0,"B1019",4326.66666666667,0,"B1019",4326.66666666667,0
"217","Rice_Kim_2020","y.pheno",1,1,3,0.2,"A1272",3989.59412267211,3989.59412267211,"A1272",3930,3989.59412267211,"A1272",3930,1
"218","Rice_Kim_2020","y.pheno",1,1,3,0.2,"B1219",3974.73862358532,0,"B1219",3796.66666666667,0,"B1219",3796.66666666667,0
"219","Rice_Kim_2020","y.pheno",1,1,3,0.2,"B1111",3980.11015234527,0,"B1111",4301.66666666667,0,"B1111",4301.66666666667,0
"220","Rice_Kim_2020","y.pheno",1,1,3,0.2,"B1075",3966.37990573939,0,"B1075",3983,0,"B1075",3983,0
"221","Rice_Kim_2020","y.pheno",1,1,3,0.2,"M1364",3955.75474292782,0,"M1364",4002,0,"M1364",4002,0
"222","Rice_Kim_2020","y.pheno",1,1,3,0.2,"M1347",3962.39332785953,0,"M1347",3707.33333333333,0,"M1347",3707.33333333333,0
"223","Rice_Kim_2020","y.pheno",1,1,3,0.2,"A1302",3992.3347468534,3992.3347468534,"A1302",4070,3992.3347468534,"A1302",4070,0
"224","Rice_Kim_2020","y.pheno",1,1,3,0.2,"B1104",3937.34180369643,0,"B1104",4274.66666666667,0,"B1104",4274.66666666667,0
"225","Rice_Kim_2020","y.pheno",1,1,3,0.2,"B1207",3959.79502509877,0,"B1207",4118,0,"B1207",4118,0
"226","Rice_Kim_2020","y.pheno",1,1,3,0.2,"A1263",3976.1373026046,0,"A1263",3767.33333333333,0,"A1263",3767.33333333333,0
"227","Rice_Kim_2020","y.pheno",1,1,3,0.2,"B1206",3958.95393653518,0,"B1206",3897,0,"B1206",3897,0
"228","Rice_Kim_2020","y.pheno",1,1,3,0.2,"B1216",3982.03911446738,3982.03911446738,"B1216",4065.33333333333,3982.03911446738,"B1216",4065.33333333333,0
"229","Rice_Kim_2020","y.pheno",1,1,3,0.2,"M1363",3981.12957364255,0,"M1363",3863,0,"M1363",3863,0
"230","Rice_Kim_2020","y.pheno",1,1,3,0.2,"B1007",3976.14707998822,0,"B1007",4384.33333333333,0,"B1007",4384.33333333333,0
"231","Rice_Kim_2020","y.pheno",1,1,3,0.2,"M1354",3901.96622726297,0,"M1354",4309,0,"M1354",4309,0
"232","Rice_Kim_2020","y.pheno",2,1,3,0.2,"M1347",3950.30894230362,0,"M1347",3707.33333333333,0,"M1347",3707.33333333333,0
"233","Rice_Kim_2020","y.pheno",2,1,3,0.2,"B1216",3962.67317521696,0,"B1216",4065.33333333333,0,"B1216",4065.33333333333,0
"234","Rice_Kim_2020","y.pheno",2,1,3,0.2,"B1202",3976.5994080722,0,"B1202",3670.66666666667,0,"B1202",3670.66666666667,0
"235","Rice_Kim_2020","y.pheno",2,1,3,0.2,"A1262",3939.95030423775,0,"A1262",4033.33333333333,0,"A1262",4033.33333333333,0
"236","Rice_Kim_2020","y.pheno",2,1,3,0.2,"A1318",3946.99895161054,0,"A1318",3822.33333333333,0,"A1318",3822.33333333333,0
"237","Rice_Kim_2020","y.pheno",2,1,3,0.2,"A1264",4005.31151676656,4005.31151676656,"A1264",4060.33333333333,4005.31151676656,"A1264",4060.33333333333,1
"238","Rice_Kim_2020","y.pheno",2,1,3,0.2,"A1275",3955.04742434938,0,"A1275",4228.66666666667,0,"A1275",4228.66666666667,0
"239","Rice_Kim_2020","y.pheno",2,1,3,0.2,"M1360",3945.40137537885,0,"M1360",4118.66666666667,0,"M1360",4118.66666666667,0
"240","Rice_Kim_2020","y.pheno",2,1,3,0.2,"B1218",3987.02589821769,0,"B1218",4145,0,"B1218",4145,0
"241","Rice_Kim_2020","y.pheno",2,1,3,0.2,"B1209",3971.54380562038,0,"B1209",3945.66666666667,0,"B1209",3945.66666666667,0
"242","Rice_Kim_2020","y.pheno",2,1,3,0.2,"B1011",3999.02905940627,3999.02905940627,"B1011",3950,3999.02905940627,"B1011",3950,0
"243","Rice_Kim_2020","y.pheno",2,1,3,0.2,"B1062",3982.47978423353,0,"B1062",4430.33333333333,0,"B1062",4430.33333333333,0
"244","Rice_Kim_2020","y.pheno",2,1,3,0.2,"B1208",3972.35413742126,0,"B1208",3703.33333333333,0,"B1208",3703.33333333333,0
"245","Rice_Kim_2020","y.pheno",2,1,3,0.2,"B1158",3980.95166458437,0,"B1158",4795.33333333333,0,"B1158",4795.33333333333,0
"246","Rice_Kim_2020","y.pheno",2,1,3,0.2,"A1259",3992.60105105599,3992.60105105599,"A1259",3870.66666666667,3992.60105105599,"A1259",3870.66666666667,1
"247","Rice_Kim_2020","y.pheno",2,1,3,0.2,"B1217",3949.68352783397,0,"B1217",3848.66666666667,0,"B1217",3848.66666666667,0
"248","Rice_Kim_2020","y.pheno",2,1,3,0.2,"M1363",3960.34570586865,0,"M1363",3863,0,"M1363",3863,0
"249","Rice_Kim_2020","y.pheno",2,1,3,0.2,"B1105",3990.98694925182,3990.98694925182,"B1105",3701.33333333333,3990.98694925182,"B1105",3701.33333333333,0
"250","Rice_Kim_2020","y.pheno",2,1,3,0.2,"B1155",3977.53784632071,0,"B1155",4088.33333333333,0,"B1155",4088.33333333333,1
"251","Rice_Kim_2020","y.pheno",2,1,3,0.2,"M1463",3987.18425307088,0,"M1463",3546.66666666667,0,"M1463",3546.66666666667,0
"252","Rice_Kim_2020","y.pheno",2,1,3,0.2,"A1319",3946.91169306898,0,"A1319",4202.33333333333,0,"A1319",4202.33333333333,1
"253","Rice_Kim_2020","y.pheno",3,1,3,0.2,"A1261",4002.22446014218,0,"A1261",3898,0,"A1261",3898,0
"254","Rice_Kim_2020","y.pheno",3,1,3,0.2,"B1110",3990.35196365055,0,"B1110",4210,0,"B1110",4210,0
"255","Rice_Kim_2020","y.pheno",3,1,3,0.2,"A1269",3985.94672282464,0,"A1269",3808.66666666667,0,"A1269",3808.66666666667,0
"256","Rice_Kim_2020","y.pheno",3,1,3,0.2,"M1464",3989.41121084858,0,"M1464",3947.66666666667,0,"M1464",3947.66666666667,1
"257","Rice_Kim_2020","y.pheno",3,1,3,0.2,"B1005",3981.38092296853,0,"B1005",4156.66666666667,0,"B1005",4156.66666666667,1
"258","Rice_Kim_2020","y.pheno",3,1,3,0.2,"M1469",3960.08043760949,0,"M1469",3358,0,"M1469",3358,0
"259","Rice_Kim_2020","y.pheno",3,1,3,0.2,"M1362",4004.37264272008,4004.37264272008,"M1362",3881.33333333333,4004.37264272008,"M1362",3881.33333333333,1
"260","Rice_Kim_2020","y.pheno",3,1,3,0.2,"A1264",4008.50496160711,4008.50496160711,"A1264",4060.33333333333,4008.50496160711,"A1264",4060.33333333333,0
"261","Rice_Kim_2020","y.pheno",3,1,3,0.2,"A1279",3991.65875858991,0,"A1279",4131.66666666667,0,"A1279",4131.66666666667,0
"262","Rice_Kim_2020","y.pheno",3,1,3,0.2,"B1207",3984.85334146954,0,"B1207",4118,0,"B1207",4118,0
"263","Rice_Kim_2020","y.pheno",3,1,3,0.2,"B1105",3962.25531124567,0,"B1105",3701.33333333333,0,"B1105",3701.33333333333,0
"264","Rice_Kim_2020","y.pheno",3,1,3,0.2,"B1010",3988.15212054463,0,"B1010",3925.33333333333,0,"B1010",3925.33333333333,1
"265","Rice_Kim_2020","y.pheno",3,1,3,0.2,"B1060",3965.74671583284,0,"B1060",4002,0,"B1060",4002,0
"266","Rice_Kim_2020","y.pheno",3,1,3,0.2,"M1367",3959.18374793124,0,"M1367",3641.33333333333,0,"M1367",3641.33333333333,0
"267","Rice_Kim_2020","y.pheno",3,1,3,0.2,"B1007",3928.83031549509,0,"B1007",4384.33333333333,0,"B1007",4384.33333333333,0
"268","Rice_Kim_2020","y.pheno",3,1,3,0.2,"B1159",4015.29274016864,4015.29274016864,"B1159",4088,4015.29274016864,"B1159",4088,0
"269","Rice_Kim_2020","y.pheno",3,1,3,0.2,"A1314",4002.76120952951,4002.76120952951,"A1314",3983,4002.76120952951,"A1314",3983,0
"270","Rice_Kim_2020","y.pheno",3,1,3,0.2,"M1471",3990.86740006348,0,"M1471",3871.66666666667,0,"M1471",3871.66666666667,0
"271","Rice_Kim_2020","y.pheno",3,1,3,0.2,"M1360",3903.28236391945,0,"M1360",4118.66666666667,0,"M1360",4118.66666666667,0
"272","Rice_Kim_2020","y.pheno",3,1,3,0.2,"A1265",3957.72033657298,0,"A1265",3804,0,"A1265",3804,0
"273","Rice_Kim_2020","y.pheno",3,1,3,0.2,"M1354",3888.0981973769,0,"M1354",4309,0,"M1354",4309,0
"274","Rice_Kim_2020","y.pheno",4,1,3,0.2,"B1208",3980.32064113295,0,"B1208",3703.33333333333,0,"B1208",3703.33333333333,0
"275","Rice_Kim_2020","y.pheno",4,1,3,0.2,"B1075",3988.58884899517,0,"B1075",3983,0,"B1075",3983,0
"276","Rice_Kim_2020","y.pheno",4,1,3,0.2,"A1259",3991.9452373939,0,"A1259",3870.66666666667,0,"A1259",3870.66666666667,1
"277","Rice_Kim_2020","y.pheno",4,1,3,0.2,"B1203",3962.62056604889,0,"B1203",4359,0,"B1203",4359,0
"278","Rice_Kim_2020","y.pheno",4,1,3,0.2,"B1053",4007.52899744388,4007.52899744388,"B1053",3926,4007.52899744388,"B1053",3926,0
"279","Rice_Kim_2020","y.pheno",4,1,3,0.2,"B1110",3986.42141188372,0,"B1110",4210,0,"B1110",4210,0
"280","Rice_Kim_2020","y.pheno",4,1,3,0.2,"M1469",3981.76043413404,0,"M1469",3358,0,"M1469",3358,1
"281","Rice_Kim_2020","y.pheno",4,1,3,0.2,"B1106",3980.6397609373,0,"B1106",4031,0,"B1106",4031,0
"282","Rice_Kim_2020","y.pheno",4,1,3,0.2,"A1316",3995.4236136152,0,"A1316",4252.66666666667,0,"A1316",4252.66666666667,0
"283","Rice_Kim_2020","y.pheno",4,1,3,0.2,"B1153",3973.24796931457,0,"B1153",4168,0,"B1153",4168,0
"284","Rice_Kim_2020","y.pheno",4,1,3,0.2,"A1258",3990.52060698965,0,"A1258",3730.33333333333,0,"A1258",3730.33333333333,1
"285","Rice_Kim_2020","y.pheno",4,1,3,0.2,"A1309",4062.32562425921,4062.32562425921,"A1309",4027.66666666667,4062.32562425921,"A1309",4027.66666666667,0
"286","Rice_Kim_2020","y.pheno",4,1,3,0.2,"A1257",3998.23608403654,0,"A1257",3934,0,"A1257",3934,0
"287","Rice_Kim_2020","y.pheno",4,1,3,0.2,"M1345",3937.71543598156,0,"M1345",3683.33333333333,0,"M1345",3683.33333333333,0
"288","Rice_Kim_2020","y.pheno",4,1,3,0.2,"A1321",3957.9318148525,0,"A1321",3728.66666666667,0,"A1321",3728.66666666667,0
"289","Rice_Kim_2020","y.pheno",4,1,3,0.2,"A1312",4056.62556179671,4056.62556179671,"A1312",4216.66666666667,4056.62556179671,"A1312",4216.66666666667,0
"290","Rice_Kim_2020","y.pheno",4,1,3,0.2,"B1060",3967.78923431279,0,"B1060",4002,0,"B1060",4002,0
"291","Rice_Kim_2020","y.pheno",4,1,3,0.2,"M1358",3941.16475799719,0,"M1358",4036.66666666667,0,"M1358",4036.66666666667,0
"292","Rice_Kim_2020","y.pheno",4,1,3,0.2,"M1364",3987.53594343459,0,"M1364",4002,0,"M1364",4002,1
"293","Rice_Kim_2020","y.pheno",4,1,3,0.2,"A1318",3972.99567694809,0,"A1318",3822.33333333333,0,"A1318",3822.33333333333,0
"294","Rice_Kim_2020","y.pheno",4,1,3,0.2,"B1058",4018.4604075394,4018.4604075394,"B1058",3918.66666666667,4018.4604075394,"B1058",3918.66666666667,0
"295","Rice_Kim_2020","y.pheno",5,1,3,0.2,"B1159",4019.05543529153,4019.05543529153,"B1159",4088,4019.05543529153,"B1159",4088,0
"296","Rice_Kim_2020","y.pheno",5,1,3,0.2,"B1107",3932.89468587638,0,"B1107",3727.66666666667,0,"B1107",3727.66666666667,1
"297","Rice_Kim_2020","y.pheno",5,1,3,0.2,"B1216",3952.24444109478,0,"B1216",4065.33333333333,0,"B1216",4065.33333333333,0
"298","Rice_Kim_2020","y.pheno",5,1,3,0.2,"B1208",3970.08754401497,0,"B1208",3703.33333333333,0,"B1208",3703.33333333333,0
"299","Rice_Kim_2020","y.pheno",5,1,3,0.2,"B1011",3951.37410797332,0,"B1011",3950,0,"B1011",3950,0
"300","Rice_Kim_2020","y.pheno",5,1,3,0.2,"M1347",3953.09590300701,0,"M1347",3707.33333333333,0,"M1347",3707.33333333333,0
"301","Rice_Kim_2020","y.pheno",5,1,3,0.2,"M1361",3989.25935983141,0,"M1361",3893.33333333333,0,"M1361",3893.33333333333,0
"302","Rice_Kim_2020","y.pheno",5,1,3,0.2,"B1203",3923.56440618973,0,"B1203",4359,0,"B1203",4359,0
"303","Rice_Kim_2020","y.pheno",5,1,3,0.2,"A1277",3986.4742918305,0,"A1277",4157.33333333333,0,"A1277",4157.33333333333,0
"304","Rice_Kim_2020","y.pheno",5,1,3,0.2,"A1259",3986.21217601607,0,"A1259",3870.66666666667,0,"A1259",3870.66666666667,0
"305","Rice_Kim_2020","y.pheno",5,1,3,0.2,"B1008",3986.17884961444,0,"B1008",3633.66666666667,0,"B1008",3633.66666666667,1
"306","Rice_Kim_2020","y.pheno",5,1,3,0.2,"B1110",3973.2592590535,0,"B1110",4210,0,"B1110",4210,0
"307","Rice_Kim_2020","y.pheno",5,1,3,0.2,"B1058",4011.30975687113,4011.30975687113,"B1058",3918.66666666667,4011.30975687113,"B1058",3918.66666666667,0
"308","Rice_Kim_2020","y.pheno",5,1,3,0.2,"B1103",3967.35649515219,0,"B1103",4300,0,"B1103",4300,0
"309","Rice_Kim_2020","y.pheno",5,1,3,0.2,"B1209",3975.58378054923,0,"B1209",3945.66666666667,0,"B1209",3945.66666666667,1
"310","Rice_Kim_2020","y.pheno",5,1,3,0.2,"A1274",3987.48466836034,0,"A1274",4307,0,"A1274",4307,0
"311","Rice_Kim_2020","y.pheno",5,1,3,0.2,"A1311",4015.000741479,4015.000741479,"A1311",4062,4015.000741479,"A1311",4062,0
"312","Rice_Kim_2020","y.pheno",5,1,3,0.2,"A1312",4039.16716752975,4039.16716752975,"A1312",4216.66666666667,4039.16716752975,"A1312",4216.66666666667,0
"313","Rice_Kim_2020","y.pheno",5,1,3,0.2,"B1206",3951.03170177396,0,"B1206",3897,0,"B1206",3897,0
"314","Rice_Kim_2020","y.pheno",5,1,3,0.2,"M1351",3986.1471388386,0,"M1351",3651,0,"M1351",3651,1
"315","Rice_Kim_2020","y.pheno",5,1,3,0.2,"B1207",3948.12407257512,0,"B1207",4118,0,"B1207",4118,0
"316","Rice_Kim_2020","y.pheno",1,1,4,0.2,"B1161",2557.79417883637,2557.79417883637,"B1161",2555.33333333333,2557.79417883637,"B1161",2555.33333333333,1
"317","Rice_Kim_2020","y.pheno",1,1,4,0.2,"B1009",2461.17480421844,0,"B1009",2047,0,"B1009",2047,1
"318","Rice_Kim_2020","y.pheno",1,1,4,0.2,"A1257",2503.64862814212,0,"A1257",2482.33333333333,0,"A1257",2482.33333333333,0
"319","Rice_Kim_2020","y.pheno",1,1,4,0.2,"A1320",2511.0663921259,0,"A1320",2103,0,"A1320",2103,1
"320","Rice_Kim_2020","y.pheno",1,1,4,0.2,"M1353",2583.80214005927,2583.80214005927,"M1353",2736.33333333333,2583.80214005927,"M1353",2736.33333333333,0
"321","Rice_Kim_2020","y.pheno",1,1,4,0.2,"B1019",2461.59033898318,0,"B1019",3098.33333333333,0,"B1019",3098.33333333333,0
"322","Rice_Kim_2020","y.pheno",1,1,4,0.2,"A1272",2512.70515548237,0,"A1272",1794.33333333333,0,"A1272",1794.33333333333,1
"323","Rice_Kim_2020","y.pheno",1,1,4,0.2,"B1219",2496.38455923534,0,"B1219",2545.66666666667,0,"B1219",2545.66666666667,0
"324","Rice_Kim_2020","y.pheno",1,1,4,0.2,"B1111",2570.80763321358,2570.80763321358,"B1111",2760,2570.80763321358,"B1111",2760,0
"325","Rice_Kim_2020","y.pheno",1,1,4,0.2,"B1075",2466.49607793836,0,"B1075",1960.33333333333,0,"B1075",1960.33333333333,0
"326","Rice_Kim_2020","y.pheno",1,1,4,0.2,"M1364",2449.00439983493,0,"M1364",1921,0,"M1364",1921,0
"327","Rice_Kim_2020","y.pheno",1,1,4,0.2,"M1347",2457.21737484677,0,"M1347",2145,0,"M1347",2145,0
"328","Rice_Kim_2020","y.pheno",1,1,4,0.2,"A1302",2490.37761623381,0,"A1302",2472.33333333333,0,"A1302",2472.33333333333,0
"329","Rice_Kim_2020","y.pheno",1,1,4,0.2,"B1104",2481.86776790408,0,"B1104",2829.33333333333,0,"B1104",2829.33333333333,0
"330","Rice_Kim_2020","y.pheno",1,1,4,0.2,"B1207",2505.82156871764,0,"B1207",2853.66666666667,0,"B1207",2853.66666666667,0
"331","Rice_Kim_2020","y.pheno",1,1,4,0.2,"A1263",2499.70654452972,0,"A1263",2742,0,"A1263",2742,0
"332","Rice_Kim_2020","y.pheno",1,1,4,0.2,"B1206",2517.43048943152,0,"B1206",2426,0,"B1206",2426,0
"333","Rice_Kim_2020","y.pheno",1,1,4,0.2,"B1216",2550.31347882136,0,"B1216",2407.33333333333,0,"B1216",2407.33333333333,0
"334","Rice_Kim_2020","y.pheno",1,1,4,0.2,"M1363",2519.81992937558,0,"M1363",2608.33333333333,0,"M1363",2608.33333333333,0
"335","Rice_Kim_2020","y.pheno",1,1,4,0.2,"B1007",2541.82423450112,0,"B1007",2035.33333333333,0,"B1007",2035.33333333333,0
"336","Rice_Kim_2020","y.pheno",1,1,4,0.2,"M1354",2582.19474529523,2582.19474529523,"M1354",2592,2582.19474529523,"M1354",2592,0
"337","Rice_Kim_2020","y.pheno",2,1,4,0.2,"M1347",2468.27033770297,0,"M1347",2145,0,"M1347",2145,0
"338","Rice_Kim_2020","y.pheno",2,1,4,0.2,"B1216",2546.94136038994,2546.94136038994,"B1216",2407.33333333333,2546.94136038994,"B1216",2407.33333333333,0
"339","Rice_Kim_2020","y.pheno",2,1,4,0.2,"B1202",2489.21648668706,0,"B1202",2488.33333333333,0,"B1202",2488.33333333333,0
"340","Rice_Kim_2020","y.pheno",2,1,4,0.2,"A1262",2509.58538606291,0,"A1262",3090,0,"A1262",3090,0
"341","Rice_Kim_2020","y.pheno",2,1,4,0.2,"A1318",2496.42728133725,0,"A1318",2373.33333333333,0,"A1318",2373.33333333333,0
"342","Rice_Kim_2020","y.pheno",2,1,4,0.2,"A1264",2533.24748692477,0,"A1264",2748,0,"A1264",2748,1
"343","Rice_Kim_2020","y.pheno",2,1,4,0.2,"A1275",2533.11717483139,0,"A1275",2323.66666666667,0,"A1275",2323.66666666667,0
"344","Rice_Kim_2020","y.pheno",2,1,4,0.2,"M1360",2532.39610490332,0,"M1360",2438.66666666667,0,"M1360",2438.66666666667,0
"345","Rice_Kim_2020","y.pheno",2,1,4,0.2,"B1218",2502.62128641032,0,"B1218",2659.33333333333,0,"B1218",2659.33333333333,0
"346","Rice_Kim_2020","y.pheno",2,1,4,0.2,"B1209",2501.93521438209,0,"B1209",2646.66666666667,0,"B1209",2646.66666666667,0
"347","Rice_Kim_2020","y.pheno",2,1,4,0.2,"B1011",2558.19171835586,2558.19171835586,"B1011",1798.66666666667,2558.19171835586,"B1011",1798.66666666667,0
"348","Rice_Kim_2020","y.pheno",2,1,4,0.2,"B1062",2476.39406522407,0,"B1062",2534,0,"B1062",2534,0
"349","Rice_Kim_2020","y.pheno",2,1,4,0.2,"B1208",2525.40151450971,0,"B1208",2516.66666666667,0,"B1208",2516.66666666667,0
"350","Rice_Kim_2020","y.pheno",2,1,4,0.2,"B1158",2451.33176999248,0,"B1158",2963.33333333333,0,"B1158",2963.33333333333,0
"351","Rice_Kim_2020","y.pheno",2,1,4,0.2,"A1259",2506.4653312164,0,"A1259",2252.33333333333,0,"A1259",2252.33333333333,1
"352","Rice_Kim_2020","y.pheno",2,1,4,0.2,"B1217",2542.53510272823,0,"B1217",2145.33333333333,0,"B1217",2145.33333333333,0
"353","Rice_Kim_2020","y.pheno",2,1,4,0.2,"M1363",2546.66992168861,2546.66992168861,"M1363",2608.33333333333,2546.66992168861,"M1363",2608.33333333333,0
"354","Rice_Kim_2020","y.pheno",2,1,4,0.2,"B1105",2549.21334699955,2549.21334699955,"B1105",2783.33333333333,2549.21334699955,"B1105",2783.33333333333,0
"355","Rice_Kim_2020","y.pheno",2,1,4,0.2,"B1155",2533.48777911637,0,"B1155",2084,0,"B1155",2084,1
"356","Rice_Kim_2020","y.pheno",2,1,4,0.2,"M1463",2513.34676404343,0,"M1463",1976,0,"M1463",1976,0
"357","Rice_Kim_2020","y.pheno",2,1,4,0.2,"A1319",2487.08367989529,0,"A1319",2644,0,"A1319",2644,1
"358","Rice_Kim_2020","y.pheno",3,1,4,0.2,"A1261",2604.55486125147,2604.55486125147,"A1261",2189.66666666667,2604.55486125147,"A1261",2189.66666666667,0
"359","Rice_Kim_2020","y.pheno",3,1,4,0.2,"B1110",2564.71221519288,2564.71221519288,"B1110",3138,2564.71221519288,"B1110",3138,0
"360","Rice_Kim_2020","y.pheno",3,1,4,0.2,"A1269",2616.58181121543,2616.58181121543,"A1269",2883.33333333333,2616.58181121543,"A1269",2883.33333333333,0
"361","Rice_Kim_2020","y.pheno",3,1,4,0.2,"M1464",2564.63686157469,0,"M1464",2101.66666666667,0,"M1464",2101.66666666667,1
"362","Rice_Kim_2020","y.pheno",3,1,4,0.2,"B1005",2449.18070020968,0,"B1005",2851,0,"B1005",2851,1
"363","Rice_Kim_2020","y.pheno",3,1,4,0.2,"M1469",2435.76830699836,0,"M1469",2731.66666666667,0,"M1469",2731.66666666667,0
"364","Rice_Kim_2020","y.pheno",3,1,4,0.2,"M1362",2460.03486319802,0,"M1362",2219,0,"M1362",2219,1
"365","Rice_Kim_2020","y.pheno",3,1,4,0.2,"A1264",2511.18684188415,0,"A1264",2748,0,"A1264",2748,0
"366","Rice_Kim_2020","y.pheno",3,1,4,0.2,"A1279",2525.74518148655,0,"A1279",2338.66666666667,0,"A1279",2338.66666666667,0
"367","Rice_Kim_2020","y.pheno",3,1,4,0.2,"B1207",2503.13558911975,0,"B1207",2853.66666666667,0,"B1207",2853.66666666667,0
"368","Rice_Kim_2020","y.pheno",3,1,4,0.2,"B1105",2473.41253673017,0,"B1105",2783.33333333333,0,"B1105",2783.33333333333,0
"369","Rice_Kim_2020","y.pheno",3,1,4,0.2,"B1010",2539.54891206456,0,"B1010",2385.33333333333,0,"B1010",2385.33333333333,1
"370","Rice_Kim_2020","y.pheno",3,1,4,0.2,"B1060",2460.68653159169,0,"B1060",2310.33333333333,0,"B1060",2310.33333333333,0
"371","Rice_Kim_2020","y.pheno",3,1,4,0.2,"M1367",2519.95567673045,0,"M1367",1872.33333333333,0,"M1367",1872.33333333333,0
"372","Rice_Kim_2020","y.pheno",3,1,4,0.2,"B1007",2484.63984319226,0,"B1007",2035.33333333333,0,"B1007",2035.33333333333,0
"373","Rice_Kim_2020","y.pheno",3,1,4,0.2,"B1159",2511.79038749036,0,"B1159",2066.33333333333,0,"B1159",2066.33333333333,0
"374","Rice_Kim_2020","y.pheno",3,1,4,0.2,"A1314",2472.91519502751,0,"A1314",2417,0,"A1314",2417,0
"375","Rice_Kim_2020","y.pheno",3,1,4,0.2,"M1471",2507.96501579767,0,"M1471",2249.66666666667,0,"M1471",2249.66666666667,0
"376","Rice_Kim_2020","y.pheno",3,1,4,0.2,"M1360",2536.6655414773,0,"M1360",2438.66666666667,0,"M1360",2438.66666666667,0
"377","Rice_Kim_2020","y.pheno",3,1,4,0.2,"A1265",2455.45040292219,0,"A1265",2740,0,"A1265",2740,0
"378","Rice_Kim_2020","y.pheno",3,1,4,0.2,"M1354",2604.00560809608,2604.00560809608,"M1354",2592,2604.00560809608,"M1354",2592,0
"379","Rice_Kim_2020","y.pheno",4,1,4,0.2,"B1208",2492.82438778069,0,"B1208",2516.66666666667,0,"B1208",2516.66666666667,0
"380","Rice_Kim_2020","y.pheno",4,1,4,0.2,"B1075",2509.26864868659,2509.26864868659,"B1075",1960.33333333333,2509.26864868659,"B1075",1960.33333333333,0
"381","Rice_Kim_2020","y.pheno",4,1,4,0.2,"A1259",2475.55827062606,0,"A1259",2252.33333333333,0,"A1259",2252.33333333333,1
"382","Rice_Kim_2020","y.pheno",4,1,4,0.2,"B1203",2428.8042620923,0,"B1203",2634,0,"B1203",2634,0
"383","Rice_Kim_2020","y.pheno",4,1,4,0.2,"B1053",2541.41825832075,2541.41825832075,"B1053",2705.33333333333,2541.41825832075,"B1053",2705.33333333333,0
"384","Rice_Kim_2020","y.pheno",4,1,4,0.2,"B1110",2479.13159545678,0,"B1110",3138,0,"B1110",3138,0
"385","Rice_Kim_2020","y.pheno",4,1,4,0.2,"M1469",2448.59734205782,0,"M1469",2731.66666666667,0,"M1469",2731.66666666667,1
"386","Rice_Kim_2020","y.pheno",4,1,4,0.2,"B1106",2479.18253481421,0,"B1106",2319.33333333333,0,"B1106",2319.33333333333,0
"387","Rice_Kim_2020","y.pheno",4,1,4,0.2,"A1316",2458.99995005194,0,"A1316",2451,0,"A1316",2451,0
"388","Rice_Kim_2020","y.pheno",4,1,4,0.2,"B1153",2501.60497398174,0,"B1153",2856.33333333333,0,"B1153",2856.33333333333,0
"389","Rice_Kim_2020","y.pheno",4,1,4,0.2,"A1258",2493.40058751853,0,"A1258",2862.66666666667,0,"A1258",2862.66666666667,1
"390","Rice_Kim_2020","y.pheno",4,1,4,0.2,"A1309",2574.20879698483,2574.20879698483,"A1309",2648.66666666667,2574.20879698483,"A1309",2648.66666666667,0
"391","Rice_Kim_2020","y.pheno",4,1,4,0.2,"A1257",2462.29917742294,0,"A1257",2482.33333333333,0,"A1257",2482.33333333333,0
"392","Rice_Kim_2020","y.pheno",4,1,4,0.2,"M1345",2469.77557524382,0,"M1345",1961.66666666667,0,"M1345",1961.66666666667,0
"393","Rice_Kim_2020","y.pheno",4,1,4,0.2,"A1321",2456.21947225123,0,"A1321",2946,0,"A1321",2946,0
"394","Rice_Kim_2020","y.pheno",4,1,4,0.2,"A1312",2570.12903505987,2570.12903505987,"A1312",2424.66666666667,2570.12903505987,"A1312",2424.66666666667,0
"395","Rice_Kim_2020","y.pheno",4,1,4,0.2,"B1060",2465.17034273115,0,"B1060",2310.33333333333,0,"B1060",2310.33333333333,0
"396","Rice_Kim_2020","y.pheno",4,1,4,0.2,"M1358",2441.04857379967,0,"M1358",2849.33333333333,0,"M1358",2849.33333333333,0
"397","Rice_Kim_2020","y.pheno",4,1,4,0.2,"M1364",2470.87958201364,0,"M1364",1921,0,"M1364",1921,1
"398","Rice_Kim_2020","y.pheno",4,1,4,0.2,"A1318",2501.36252494455,0,"A1318",2373.33333333333,0,"A1318",2373.33333333333,0
"399","Rice_Kim_2020","y.pheno",4,1,4,0.2,"B1058",2439.0628788951,0,"B1058",2746.33333333333,0,"B1058",2746.33333333333,0
"400","Rice_Kim_2020","y.pheno",5,1,4,0.2,"B1159",2483.27157009922,0,"B1159",2066.33333333333,0,"B1159",2066.33333333333,0
"401","Rice_Kim_2020","y.pheno",5,1,4,0.2,"B1107",2391.04321477032,0,"B1107",2165.33333333333,0,"B1107",2165.33333333333,1
"402","Rice_Kim_2020","y.pheno",5,1,4,0.2,"B1216",2510.04246087263,0,"B1216",2407.33333333333,0,"B1216",2407.33333333333,0
"403","Rice_Kim_2020","y.pheno",5,1,4,0.2,"B1208",2484.2448979849,0,"B1208",2516.66666666667,0,"B1208",2516.66666666667,0
"404","Rice_Kim_2020","y.pheno",5,1,4,0.2,"B1011",2483.44613853041,0,"B1011",1798.66666666667,0,"B1011",1798.66666666667,0
"405","Rice_Kim_2020","y.pheno",5,1,4,0.2,"M1347",2425.58040466593,0,"M1347",2145,0,"M1347",2145,0
"406","Rice_Kim_2020","y.pheno",5,1,4,0.2,"M1361",2593.96567503524,2593.96567503524,"M1361",2809.33333333333,2593.96567503524,"M1361",2809.33333333333,0
"407","Rice_Kim_2020","y.pheno",5,1,4,0.2,"B1203",2452.5667490363,0,"B1203",2634,0,"B1203",2634,0
"408","Rice_Kim_2020","y.pheno",5,1,4,0.2,"A1277",2563.87236160193,0,"A1277",2714.33333333333,0,"A1277",2714.33333333333,0
"409","Rice_Kim_2020","y.pheno",5,1,4,0.2,"A1259",2504.95778800683,0,"A1259",2252.33333333333,0,"A1259",2252.33333333333,0
"410","Rice_Kim_2020","y.pheno",5,1,4,0.2,"B1008",2445.13049914455,0,"B1008",2198.33333333333,0,"B1008",2198.33333333333,1
"411","Rice_Kim_2020","y.pheno",5,1,4,0.2,"B1110",2522.27499155932,0,"B1110",3138,0,"B1110",3138,0
"412","Rice_Kim_2020","y.pheno",5,1,4,0.2,"B1058",2484.14840864016,0,"B1058",2746.33333333333,0,"B1058",2746.33333333333,0
"413","Rice_Kim_2020","y.pheno",5,1,4,0.2,"B1103",2448.70369855861,0,"B1103",3049,0,"B1103",3049,0
"414","Rice_Kim_2020","y.pheno",5,1,4,0.2,"B1209",2478.51549587526,0,"B1209",2646.66666666667,0,"B1209",2646.66666666667,1
"415","Rice_Kim_2020","y.pheno",5,1,4,0.2,"A1274",2478.10704472069,0,"A1274",2471.33333333333,0,"A1274",2471.33333333333,0
"416","Rice_Kim_2020","y.pheno",5,1,4,0.2,"A1311",2607.2727285893,2607.2727285893,"A1311",1834.66666666667,2607.2727285893,"A1311",1834.66666666667,0
"417","Rice_Kim_2020","y.pheno",5,1,4,0.2,"A1312",2571.00262186029,2571.00262186029,"A1312",2424.66666666667,2571.00262186029,"A1312",2424.66666666667,0
"418","Rice_Kim_2020","y.pheno",5,1,4,0.2,"B1206",2494.60990578617,0,"B1206",2426,0,"B1206",2426,0
"419","Rice_Kim_2020","y.pheno",5,1,4,0.2,"M1351",2590.37125153159,2590.37125153159,"M1351",2788.33333333333,2590.37125153159,"M1351",2788.33333333333,1
"420","Rice_Kim_2020","y.pheno",5,1,4,0.2,"B1207",2512.59865805234,0,"B1207",2853.66666666667,0,"B1207",2853.66666666667,0
"421","Rice_Kim_2020","y.pheno",1,1,5,0.2,"B1161",3139.95364984667,0,"B1161",3127,0,"B1161",3127,1
"422","Rice_Kim_2020","y.pheno",1,1,5,0.2,"B1009",3167.07296661768,0,"B1009",3078,0,"B1009",3078,1
"423","Rice_Kim_2020","y.pheno",1,1,5,0.2,"A1257",3183.31061886857,0,"A1257",3199,0,"A1257",3199,0
"424","Rice_Kim_2020","y.pheno",1,1,5,0.2,"A1320",3143.95246769016,0,"A1320",2662,0,"A1320",2662,1
"425","Rice_Kim_2020","y.pheno",1,1,5,0.2,"M1353",3250.04153511181,3250.04153511181,"M1353",3157.66666666667,3250.04153511181,"M1353",3157.66666666667,0
"426","Rice_Kim_2020","y.pheno",1,1,5,0.2,"B1019",3235.85146985762,3235.85146985762,"B1019",3585,3235.85146985762,"B1019",3585,0
"427","Rice_Kim_2020","y.pheno",1,1,5,0.2,"A1272",3215.46617744454,0,"A1272",3409.66666666667,0,"A1272",3409.66666666667,1
"428","Rice_Kim_2020","y.pheno",1,1,5,0.2,"B1219",3079.07710388445,0,"B1219",2607.33333333333,0,"B1219",2607.33333333333,0
"429","Rice_Kim_2020","y.pheno",1,1,5,0.2,"B1111",3144.16594757165,0,"B1111",3666.66666666667,0,"B1111",3666.66666666667,0
"430","Rice_Kim_2020","y.pheno",1,1,5,0.2,"B1075",3284.93722772509,3284.93722772509,"B1075",3152.66666666667,3284.93722772509,"B1075",3152.66666666667,0
"431","Rice_Kim_2020","y.pheno",1,1,5,0.2,"M1364",3233.70206061536,0,"M1364",3144.66666666667,0,"M1364",3144.66666666667,0
"432","Rice_Kim_2020","y.pheno",1,1,5,0.2,"M1347",3179.03171860803,0,"M1347",2979,0,"M1347",2979,0
"433","Rice_Kim_2020","y.pheno",1,1,5,0.2,"A1302",3131.73345102956,0,"A1302",2674.33333333333,0,"A1302",2674.33333333333,0
"434","Rice_Kim_2020","y.pheno",1,1,5,0.2,"B1104",3177.02505780233,0,"B1104",3899.66666666667,0,"B1104",3899.66666666667,0
"435","Rice_Kim_2020","y.pheno",1,1,5,0.2,"B1207",3205.60069997678,0,"B1207",3378.33333333333,0,"B1207",3378.33333333333,0
"436","Rice_Kim_2020","y.pheno",1,1,5,0.2,"A1263",3173.6911670226,0,"A1263",2998,0,"A1263",2998,0
"437","Rice_Kim_2020","y.pheno",1,1,5,0.2,"B1206",3112.4255935072,0,"B1206",3137,0,"B1206",3137,0
"438","Rice_Kim_2020","y.pheno",1,1,5,0.2,"B1216",3206.42718776159,0,"B1216",2637,0,"B1216",2637,0
"439","Rice_Kim_2020","y.pheno",1,1,5,0.2,"M1363",3141.27040544743,0,"M1363",2870.33333333333,0,"M1363",2870.33333333333,0
"440","Rice_Kim_2020","y.pheno",1,1,5,0.2,"B1007",3154.46870738334,0,"B1007",2997.33333333333,0,"B1007",2997.33333333333,0
"441","Rice_Kim_2020","y.pheno",1,1,5,0.2,"M1354",3247.29667975012,3247.29667975012,"M1354",3045.66666666667,3247.29667975012,"M1354",3045.66666666667,0
"442","Rice_Kim_2020","y.pheno",2,1,5,0.2,"M1347",3164.20223685321,0,"M1347",2979,0,"M1347",2979,0
"443","Rice_Kim_2020","y.pheno",2,1,5,0.2,"B1216",3217.32103294923,0,"B1216",2637,0,"B1216",2637,0
"444","Rice_Kim_2020","y.pheno",2,1,5,0.2,"B1202",3125.1533172036,0,"B1202",2988.66666666667,0,"B1202",2988.66666666667,0
"445","Rice_Kim_2020","y.pheno",2,1,5,0.2,"A1262",3093.40993714457,0,"A1262",3153.33333333333,0,"A1262",3153.33333333333,0
"446","Rice_Kim_2020","y.pheno",2,1,5,0.2,"A1318",3223.44525430241,0,"A1318",3246.66666666667,0,"A1318",3246.66666666667,0
"447","Rice_Kim_2020","y.pheno",2,1,5,0.2,"A1264",3235.33915762847,0,"A1264",3519.33333333333,0,"A1264",3519.33333333333,1
"448","Rice_Kim_2020","y.pheno",2,1,5,0.2,"A1275",3183.0487557942,0,"A1275",3122.33333333333,0,"A1275",3122.33333333333,0
"449","Rice_Kim_2020","y.pheno",2,1,5,0.2,"M1360",3200.36711901538,0,"M1360",3380,0,"M1360",3380,0
"450","Rice_Kim_2020","y.pheno",2,1,5,0.2,"B1218",3123.06199217049,0,"B1218",2903.33333333333,0,"B1218",2903.33333333333,0
"451","Rice_Kim_2020","y.pheno",2,1,5,0.2,"B1209",3253.71163768843,0,"B1209",3108.66666666667,0,"B1209",3108.66666666667,0
"452","Rice_Kim_2020","y.pheno",2,1,5,0.2,"B1011",3307.83434865575,3307.83434865575,"B1011",2835.33333333333,3307.83434865575,"B1011",2835.33333333333,0
"453","Rice_Kim_2020","y.pheno",2,1,5,0.2,"B1062",3267.8330926137,3267.8330926137,"B1062",3405,3267.8330926137,"B1062",3405,0
"454","Rice_Kim_2020","y.pheno",2,1,5,0.2,"B1208",3147.65849823452,0,"B1208",3193,0,"B1208",3193,0
"455","Rice_Kim_2020","y.pheno",2,1,5,0.2,"B1158",3270.70896077756,3270.70896077756,"B1158",2942.66666666667,3270.70896077756,"B1158",2942.66666666667,0
"456","Rice_Kim_2020","y.pheno",2,1,5,0.2,"A1259",3263.66279880331,0,"A1259",2670.33333333333,0,"A1259",2670.33333333333,1
"457","Rice_Kim_2020","y.pheno",2,1,5,0.2,"B1217",3186.43094041109,0,"B1217",2858,0,"B1217",2858,0
"458","Rice_Kim_2020","y.pheno",2,1,5,0.2,"M1363",3109.31891839634,0,"M1363",2870.33333333333,0,"M1363",2870.33333333333,0
"459","Rice_Kim_2020","y.pheno",2,1,5,0.2,"B1105",3348.35441924675,3348.35441924675,"B1105",2721,3348.35441924675,"B1105",2721,0
"460","Rice_Kim_2020","y.pheno",2,1,5,0.2,"B1155",3222.50292524103,0,"B1155",3106.66666666667,0,"B1155",3106.66666666667,1
"461","Rice_Kim_2020","y.pheno",2,1,5,0.2,"M1463",3244.82250113046,0,"M1463",3082.33333333333,0,"M1463",3082.33333333333,0
"462","Rice_Kim_2020","y.pheno",2,1,5,0.2,"A1319",3205.80996073608,0,"A1319",3923.33333333333,0,"A1319",3923.33333333333,1
"463","Rice_Kim_2020","y.pheno",3,1,5,0.2,"A1261",3073.88309453982,0,"A1261",2952,0,"A1261",2952,0
"464","Rice_Kim_2020","y.pheno",3,1,5,0.2,"B1110",3229.77322816686,0,"B1110",3136,0,"B1110",3136,0
"465","Rice_Kim_2020","y.pheno",3,1,5,0.2,"A1269",3173.60191335017,0,"A1269",3425,0,"A1269",3425,0
"466","Rice_Kim_2020","y.pheno",3,1,5,0.2,"M1464",3120.32513481197,0,"M1464",2952,0,"M1464",2952,1
"467","Rice_Kim_2020","y.pheno",3,1,5,0.2,"B1005",3137.39132627868,0,"B1005",3525.66666666667,0,"B1005",3525.66666666667,1
"468","Rice_Kim_2020","y.pheno",3,1,5,0.2,"M1469",3276.74757895361,0,"M1469",3129.66666666667,0,"M1469",3129.66666666667,0
"469","Rice_Kim_2020","y.pheno",3,1,5,0.2,"M1362",3106.15141392886,0,"M1362",3244,0,"M1362",3244,1
"470","Rice_Kim_2020","y.pheno",3,1,5,0.2,"A1264",3187.81372037671,0,"A1264",3519.33333333333,0,"A1264",3519.33333333333,0
"471","Rice_Kim_2020","y.pheno",3,1,5,0.2,"A1279",3156.04325703669,0,"A1279",1965.66666666667,0,"A1279",1965.66666666667,0
"472","Rice_Kim_2020","y.pheno",3,1,5,0.2,"B1207",3306.81058187132,3306.81058187132,"B1207",3378.33333333333,3306.81058187132,"B1207",3378.33333333333,0
"473","Rice_Kim_2020","y.pheno",3,1,5,0.2,"B1105",3346.44607342173,3346.44607342173,"B1105",2721,3346.44607342173,"B1105",2721,0
"474","Rice_Kim_2020","y.pheno",3,1,5,0.2,"B1010",3294.013336256,3294.013336256,"B1010",3249.33333333333,3294.013336256,"B1010",3249.33333333333,1
"475","Rice_Kim_2020","y.pheno",3,1,5,0.2,"B1060",3295.81970744495,3295.81970744495,"B1060",2896.33333333333,3295.81970744495,"B1060",2896.33333333333,0
"476","Rice_Kim_2020","y.pheno",3,1,5,0.2,"M1367",3268.5751007519,0,"M1367",2823.33333333333,0,"M1367",2823.33333333333,0
"477","Rice_Kim_2020","y.pheno",3,1,5,0.2,"B1007",3074.71228192234,0,"B1007",2997.33333333333,0,"B1007",2997.33333333333,0
"478","Rice_Kim_2020","y.pheno",3,1,5,0.2,"B1159",3171.60281800206,0,"B1159",2501.33333333333,0,"B1159",2501.33333333333,0
"479","Rice_Kim_2020","y.pheno",3,1,5,0.2,"A1314",3125.2202180059,0,"A1314",3293.33333333333,0,"A1314",3293.33333333333,0
"480","Rice_Kim_2020","y.pheno",3,1,5,0.2,"M1471",3159.08299024591,0,"M1471",3329,0,"M1471",3329,0
"481","Rice_Kim_2020","y.pheno",3,1,5,0.2,"M1360",3227.23665459924,0,"M1360",3380,0,"M1360",3380,0
"482","Rice_Kim_2020","y.pheno",3,1,5,0.2,"A1265",3261.55593316584,0,"A1265",3342.33333333333,0,"A1265",3342.33333333333,0
"483","Rice_Kim_2020","y.pheno",3,1,5,0.2,"M1354",3249.44750055988,0,"M1354",3045.66666666667,0,"M1354",3045.66666666667,0
"484","Rice_Kim_2020","y.pheno",4,1,5,0.2,"B1208",3113.65448382118,0,"B1208",3193,0,"B1208",3193,0
"485","Rice_Kim_2020","y.pheno",4,1,5,0.2,"B1075",3267.60472126956,3267.60472126956,"B1075",3152.66666666667,3267.60472126956,"B1075",3152.66666666667,0
"486","Rice_Kim_2020","y.pheno",4,1,5,0.2,"A1259",3202.19737471366,0,"A1259",2670.33333333333,0,"A1259",2670.33333333333,1
"487","Rice_Kim_2020","y.pheno",4,1,5,0.2,"B1203",3068.96789936582,0,"B1203",3062,0,"B1203",3062,0
"488","Rice_Kim_2020","y.pheno",4,1,5,0.2,"B1053",3195.35437411511,0,"B1053",3783.33333333333,0,"B1053",3783.33333333333,0
"489","Rice_Kim_2020","y.pheno",4,1,5,0.2,"B1110",3171.40558492527,0,"B1110",3136,0,"B1110",3136,0
"490","Rice_Kim_2020","y.pheno",4,1,5,0.2,"M1469",3227.84607721461,0,"M1469",3129.66666666667,0,"M1469",3129.66666666667,1
"491","Rice_Kim_2020","y.pheno",4,1,5,0.2,"B1106",3289.15039550906,3289.15039550906,"B1106",3248.66666666667,3289.15039550906,"B1106",3248.66666666667,0
"492","Rice_Kim_2020","y.pheno",4,1,5,0.2,"A1316",3176.39565628809,0,"A1316",3810.33333333333,0,"A1316",3810.33333333333,0
"493","Rice_Kim_2020","y.pheno",4,1,5,0.2,"B1153",3169.72947350136,0,"B1153",3199.66666666667,0,"B1153",3199.66666666667,0
"494","Rice_Kim_2020","y.pheno",4,1,5,0.2,"A1258",3124.56972693081,0,"A1258",3418.33333333333,0,"A1258",3418.33333333333,1
"495","Rice_Kim_2020","y.pheno",4,1,5,0.2,"A1309",3216.97317640548,0,"A1309",3276.33333333333,0,"A1309",3276.33333333333,0
"496","Rice_Kim_2020","y.pheno",4,1,5,0.2,"A1257",3150.7200139422,0,"A1257",3199,0,"A1257",3199,0
"497","Rice_Kim_2020","y.pheno",4,1,5,0.2,"M1345",3107.0513940911,0,"M1345",2903,0,"M1345",2903,0
"498","Rice_Kim_2020","y.pheno",4,1,5,0.2,"A1321",3108.50069142177,0,"A1321",3076,0,"A1321",3076,0
"499","Rice_Kim_2020","y.pheno",4,1,5,0.2,"A1312",3195.54907825293,0,"A1312",3148,0,"A1312",3148,0
"500","Rice_Kim_2020","y.pheno",4,1,5,0.2,"B1060",3257.22291638965,3257.22291638965,"B1060",2896.33333333333,3257.22291638965,"B1060",2896.33333333333,0
"501","Rice_Kim_2020","y.pheno",4,1,5,0.2,"M1358",3036.92642119852,0,"M1358",2860.66666666667,0,"M1358",2860.66666666667,0
"502","Rice_Kim_2020","y.pheno",4,1,5,0.2,"M1364",3253.73642810087,0,"M1364",3144.66666666667,0,"M1364",3144.66666666667,1
"503","Rice_Kim_2020","y.pheno",4,1,5,0.2,"A1318",3297.94393801872,3297.94393801872,"A1318",3246.66666666667,3297.94393801872,"A1318",3246.66666666667,0
"504","Rice_Kim_2020","y.pheno",4,1,5,0.2,"B1058",3073.31033717946,0,"B1058",3288.33333333333,0,"B1058",3288.33333333333,0
"505","Rice_Kim_2020","y.pheno",5,1,5,0.2,"B1159",3201.63398804414,0,"B1159",2501.33333333333,0,"B1159",2501.33333333333,0
"506","Rice_Kim_2020","y.pheno",5,1,5,0.2,"B1107",3145.43671855837,0,"B1107",3465.66666666667,0,"B1107",3465.66666666667,1
"507","Rice_Kim_2020","y.pheno",5,1,5,0.2,"B1216",3137.48297283413,0,"B1216",2637,0,"B1216",2637,0
"508","Rice_Kim_2020","y.pheno",5,1,5,0.2,"B1208",3101.80770151894,0,"B1208",3193,0,"B1208",3193,0
"509","Rice_Kim_2020","y.pheno",5,1,5,0.2,"B1011",3270.3364975192,3270.3364975192,"B1011",2835.33333333333,3270.3364975192,"B1011",2835.33333333333,0
"510","Rice_Kim_2020","y.pheno",5,1,5,0.2,"M1347",3157.72091597453,0,"M1347",2979,0,"M1347",2979,0
"511","Rice_Kim_2020","y.pheno",5,1,5,0.2,"M1361",3195.96295794381,0,"M1361",3775.33333333333,0,"M1361",3775.33333333333,0
"512","Rice_Kim_2020","y.pheno",5,1,5,0.2,"B1203",3043.10879193553,0,"B1203",3062,0,"B1203",3062,0
"513","Rice_Kim_2020","y.pheno",5,1,5,0.2,"A1277",3244.1512185541,0,"A1277",3114,0,"A1277",3114,0
"514","Rice_Kim_2020","y.pheno",5,1,5,0.2,"A1259",3293.15655321243,3293.15655321243,"A1259",2670.33333333333,3293.15655321243,"A1259",2670.33333333333,0
"515","Rice_Kim_2020","y.pheno",5,1,5,0.2,"B1008",3162.40317861994,0,"B1008",3103.66666666667,0,"B1008",3103.66666666667,1
"516","Rice_Kim_2020","y.pheno",5,1,5,0.2,"B1110",3201.94659347233,0,"B1110",3136,0,"B1110",3136,0
"517","Rice_Kim_2020","y.pheno",5,1,5,0.2,"B1058",3152.21312583232,0,"B1058",3288.33333333333,0,"B1058",3288.33333333333,0
"518","Rice_Kim_2020","y.pheno",5,1,5,0.2,"B1103",3112.169640295,0,"B1103",3232.33333333333,0,"B1103",3232.33333333333,0
"519","Rice_Kim_2020","y.pheno",5,1,5,0.2,"B1209",3258.71600847009,0,"B1209",3108.66666666667,0,"B1209",3108.66666666667,1
"520","Rice_Kim_2020","y.pheno",5,1,5,0.2,"A1274",3329.74669185187,3329.74669185187,"A1274",3456.66666666667,3329.74669185187,"A1274",3456.66666666667,0
"521","Rice_Kim_2020","y.pheno",5,1,5,0.2,"A1311",3084.58425771373,0,"A1311",3090.66666666667,0,"A1311",3090.66666666667,0
"522","Rice_Kim_2020","y.pheno",5,1,5,0.2,"A1312",3172.47146755419,0,"A1312",3148,0,"A1312",3148,0
"523","Rice_Kim_2020","y.pheno",5,1,5,0.2,"B1206",3050.63494721279,0,"B1206",3137,0,"B1206",3137,0
"524","Rice_Kim_2020","y.pheno",5,1,5,0.2,"M1351",3189.97335861772,0,"M1351",3138.33333333333,0,"M1351",3138.33333333333,1
"525","Rice_Kim_2020","y.pheno",5,1,5,0.2,"B1207",3263.10866689529,3263.10866689529,"B1207",3378.33333333333,3263.10866689529,"B1207",3378.33333333333,0
"526","Rice_Kim_2020","y.pheno",1,1,6,0.2,"B1161",2363.81811950574,0,"B1161",1967,0,"B1161",1967,1
"527","Rice_Kim_2020","y.pheno",1,1,6,0.2,"B1009",2225.86611468107,0,"B1009",2611,0,"B1009",2611,1
"528","Rice_Kim_2020","y.pheno",1,1,6,0.2,"A1257",2393.46553239685,0,"A1257",2442,0,"A1257",2442,0
"529","Rice_Kim_2020","y.pheno",1,1,6,0.2,"A1320",2398.31186771688,2398.31186771688,"A1320",1463.66666666667,2398.31186771688,"A1320",1463.66666666667,1
"530","Rice_Kim_2020","y.pheno",1,1,6,0.2,"M1353",2271.5424425332,0,"M1353",2284.66666666667,0,"M1353",2284.66666666667,0
"531","Rice_Kim_2020","y.pheno",1,1,6,0.2,"B1019",2357.51647659365,0,"B1019",2870,0,"B1019",2870,0
"532","Rice_Kim_2020","y.pheno",1,1,6,0.2,"A1272",2412.30165418255,2412.30165418255,"A1272",2804.33333333333,2412.30165418255,"A1272",2804.33333333333,1
"533","Rice_Kim_2020","y.pheno",1,1,6,0.2,"B1219",2433.93770915328,2433.93770915328,"B1219",2224.33333333333,2433.93770915328,"B1219",2224.33333333333,0
"534","Rice_Kim_2020","y.pheno",1,1,6,0.2,"B1111",2285.68683080058,0,"B1111",1819.33333333333,0,"B1111",1819.33333333333,0
"535","Rice_Kim_2020","y.pheno",1,1,6,0.2,"B1075",2410.62068974771,2410.62068974771,"B1075",2371.66666666667,2410.62068974771,"B1075",2371.66666666667,0
"536","Rice_Kim_2020","y.pheno",1,1,6,0.2,"M1364",2279.66346913122,0,"M1364",2437,0,"M1364",2437,0
"537","Rice_Kim_2020","y.pheno",1,1,6,0.2,"M1347",2370.34206780934,0,"M1347",2185.66666666667,0,"M1347",2185.66666666667,0
"538","Rice_Kim_2020","y.pheno",1,1,6,0.2,"A1302",2024.38370826715,0,"A1302",2368.66666666667,0,"A1302",2368.66666666667,0
"539","Rice_Kim_2020","y.pheno",1,1,6,0.2,"B1104",2363.0691640712,0,"B1104",2819,0,"B1104",2819,0
"540","Rice_Kim_2020","y.pheno",1,1,6,0.2,"B1207",2362.17770348842,0,"B1207",2344.66666666667,0,"B1207",2344.66666666667,0
"541","Rice_Kim_2020","y.pheno",1,1,6,0.2,"A1263",2282.38188185551,0,"A1263",2621.66666666667,0,"A1263",2621.66666666667,0
"542","Rice_Kim_2020","y.pheno",1,1,6,0.2,"B1206",2086.17272658626,0,"B1206",2572.66666666667,0,"B1206",2572.66666666667,0
"543","Rice_Kim_2020","y.pheno",1,1,6,0.2,"B1216",2315.57346613368,0,"B1216",2371.66666666667,0,"B1216",2371.66666666667,0
"544","Rice_Kim_2020","y.pheno",1,1,6,0.2,"M1363",2353.99651559231,0,"M1363",1915.33333333333,0,"M1363",1915.33333333333,0
"545","Rice_Kim_2020","y.pheno",1,1,6,0.2,"B1007",2364.33205448458,0,"B1007",2573.33333333333,0,"B1007",2573.33333333333,0
"546","Rice_Kim_2020","y.pheno",1,1,6,0.2,"M1354",2270.18679671829,0,"M1354",2381,0,"M1354",2381,0
"547","Rice_Kim_2020","y.pheno",2,1,6,0.2,"M1347",2335.47266473151,0,"M1347",2185.66666666667,0,"M1347",2185.66666666667,0
"548","Rice_Kim_2020","y.pheno",2,1,6,0.2,"B1216",2288.09601469191,0,"B1216",2371.66666666667,0,"B1216",2371.66666666667,0
"549","Rice_Kim_2020","y.pheno",2,1,6,0.2,"B1202",2171.00761479367,0,"B1202",1994.66666666667,0,"B1202",1994.66666666667,0
"550","Rice_Kim_2020","y.pheno",2,1,6,0.2,"A1262",2166.68322453785,0,"A1262",2828,0,"A1262",2828,0
"551","Rice_Kim_2020","y.pheno",2,1,6,0.2,"A1318",2257.14676573646,0,"A1318",2254.66666666667,0,"A1318",2254.66666666667,0
"552","Rice_Kim_2020","y.pheno",2,1,6,0.2,"A1264",2419.90988407664,2419.90988407664,"A1264",2845,2419.90988407664,"A1264",2845,1
"553","Rice_Kim_2020","y.pheno",2,1,6,0.2,"A1275",2356.34950893015,0,"A1275",2924.66666666667,0,"A1275",2924.66666666667,0
"554","Rice_Kim_2020","y.pheno",2,1,6,0.2,"M1360",2236.7508836394,0,"M1360",2653.66666666667,0,"M1360",2653.66666666667,0
"555","Rice_Kim_2020","y.pheno",2,1,6,0.2,"B1218",2323.97727270966,0,"B1218",2977,0,"B1218",2977,0
"556","Rice_Kim_2020","y.pheno",2,1,6,0.2,"B1209",2372.55277449084,0,"B1209",1713,0,"B1209",1713,0
"557","Rice_Kim_2020","y.pheno",2,1,6,0.2,"B1011",2395.46055536308,2395.46055536308,"B1011",2147,2395.46055536308,"B1011",2147,0
"558","Rice_Kim_2020","y.pheno",2,1,6,0.2,"B1062",2369.57276088041,0,"B1062",2680.33333333333,0,"B1062",2680.33333333333,0
"559","Rice_Kim_2020","y.pheno",2,1,6,0.2,"B1208",2256.32235957066,0,"B1208",2250,0,"B1208",2250,0
"560","Rice_Kim_2020","y.pheno",2,1,6,0.2,"B1158",2292.84625011111,0,"B1158",1995,0,"B1158",1995,0
"561","Rice_Kim_2020","y.pheno",2,1,6,0.2,"A1259",2445.69716074189,2445.69716074189,"A1259",2336,2445.69716074189,"A1259",2336,1
"562","Rice_Kim_2020","y.pheno",2,1,6,0.2,"B1217",2256.52167360868,0,"B1217",2351.33333333333,0,"B1217",2351.33333333333,0
"563","Rice_Kim_2020","y.pheno",2,1,6,0.2,"M1363",2271.90357019572,0,"M1363",1915.33333333333,0,"M1363",1915.33333333333,0
"564","Rice_Kim_2020","y.pheno",2,1,6,0.2,"B1105",2406.70992588772,2406.70992588772,"B1105",2435.66666666667,2406.70992588772,"B1105",2435.66666666667,0
"565","Rice_Kim_2020","y.pheno",2,1,6,0.2,"B1155",2267.47378298013,0,"B1155",2175.66666666667,0,"B1155",2175.66666666667,1
"566","Rice_Kim_2020","y.pheno",2,1,6,0.2,"M1463",2343.08561786531,0,"M1463",2313.33333333333,0,"M1463",2313.33333333333,0
"567","Rice_Kim_2020","y.pheno",2,1,6,0.2,"A1319",2220.99708460379,0,"A1319",1796.66666666667,0,"A1319",1796.66666666667,1
"568","Rice_Kim_2020","y.pheno",3,1,6,0.2,"A1261",2379.03240075342,2379.03240075342,"A1261",2379,2379.03240075342,"A1261",2379,0
"569","Rice_Kim_2020","y.pheno",3,1,6,0.2,"B1110",2166.78122503284,0,"B1110",2151,0,"B1110",2151,0
"570","Rice_Kim_2020","y.pheno",3,1,6,0.2,"A1269",2371.18591304008,0,"A1269",2241,0,"A1269",2241,0
"571","Rice_Kim_2020","y.pheno",3,1,6,0.2,"M1464",2263.60050980184,0,"M1464",2397.66666666667,0,"M1464",2397.66666666667,1
"572","Rice_Kim_2020","y.pheno",3,1,6,0.2,"B1005",2373.72153066602,0,"B1005",2561.66666666667,0,"B1005",2561.66666666667,1
"573","Rice_Kim_2020","y.pheno",3,1,6,0.2,"M1469",2229.59190342651,0,"M1469",2832.33333333333,0,"M1469",2832.33333333333,0
"574","Rice_Kim_2020","y.pheno",3,1,6,0.2,"M1362",2207.35076404499,0,"M1362",1802.33333333333,0,"M1362",1802.33333333333,1
"575","Rice_Kim_2020","y.pheno",3,1,6,0.2,"A1264",2360.44723134971,0,"A1264",2845,0,"A1264",2845,0
"576","Rice_Kim_2020","y.pheno",3,1,6,0.2,"A1279",2256.29651505166,0,"A1279",2427,0,"A1279",2427,0
"577","Rice_Kim_2020","y.pheno",3,1,6,0.2,"B1207",2409.35641342038,2409.35641342038,"B1207",2344.66666666667,2409.35641342038,"B1207",2344.66666666667,0
"578","Rice_Kim_2020","y.pheno",3,1,6,0.2,"B1105",2346.56124981829,0,"B1105",2435.66666666667,0,"B1105",2435.66666666667,0
"579","Rice_Kim_2020","y.pheno",3,1,6,0.2,"B1010",2374.5794212863,2374.5794212863,"B1010",2406.33333333333,2374.5794212863,"B1010",2406.33333333333,1
"580","Rice_Kim_2020","y.pheno",3,1,6,0.2,"B1060",2306.56336917904,0,"B1060",1825.33333333333,0,"B1060",1825.33333333333,0
"581","Rice_Kim_2020","y.pheno",3,1,6,0.2,"M1367",2390.01299298396,2390.01299298396,"M1367",2446,2390.01299298396,"M1367",2446,0
"582","Rice_Kim_2020","y.pheno",3,1,6,0.2,"B1007",2140.38165969945,0,"B1007",2573.33333333333,0,"B1007",2573.33333333333,0
"583","Rice_Kim_2020","y.pheno",3,1,6,0.2,"B1159",2128.93893287953,0,"B1159",2115,0,"B1159",2115,0
"584","Rice_Kim_2020","y.pheno",3,1,6,0.2,"A1314",2264.74225143409,0,"A1314",1521.66666666667,0,"A1314",1521.66666666667,0
"585","Rice_Kim_2020","y.pheno",3,1,6,0.2,"M1471",2203.57390882049,0,"M1471",2346,0,"M1471",2346,0
"586","Rice_Kim_2020","y.pheno",3,1,6,0.2,"M1360",2237.9134291349,0,"M1360",2653.66666666667,0,"M1360",2653.66666666667,0
"587","Rice_Kim_2020","y.pheno",3,1,6,0.2,"A1265",2298.43173309989,0,"A1265",2398.33333333333,0,"A1265",2398.33333333333,0
"588","Rice_Kim_2020","y.pheno",3,1,6,0.2,"M1354",2219.84491677503,0,"M1354",2381,0,"M1354",2381,0
"589","Rice_Kim_2020","y.pheno",4,1,6,0.2,"B1208",2262.5103036664,0,"B1208",2250,0,"B1208",2250,0
"590","Rice_Kim_2020","y.pheno",4,1,6,0.2,"B1075",2371.74927114582,0,"B1075",2371.66666666667,0,"B1075",2371.66666666667,0
"591","Rice_Kim_2020","y.pheno",4,1,6,0.2,"A1259",2387.62777358924,2387.62777358924,"A1259",2336,2387.62777358924,"A1259",2336,1
"592","Rice_Kim_2020","y.pheno",4,1,6,0.2,"B1203",2216.14135252138,0,"B1203",2078.33333333333,0,"B1203",2078.33333333333,0
"593","Rice_Kim_2020","y.pheno",4,1,6,0.2,"B1053",2399.50118576697,2399.50118576697,"B1053",2558,2399.50118576697,"B1053",2558,0
"594","Rice_Kim_2020","y.pheno",4,1,6,0.2,"B1110",2247.35472906253,0,"B1110",2151,0,"B1110",2151,0
"595","Rice_Kim_2020","y.pheno",4,1,6,0.2,"M1469",2316.70572799643,0,"M1469",2832.33333333333,0,"M1469",2832.33333333333,1
"596","Rice_Kim_2020","y.pheno",4,1,6,0.2,"B1106",2399.35844733673,2399.35844733673,"B1106",2340.33333333333,2399.35844733673,"B1106",2340.33333333333,0
"597","Rice_Kim_2020","y.pheno",4,1,6,0.2,"A1316",2351.97122879607,0,"A1316",2844.66666666667,0,"A1316",2844.66666666667,0
"598","Rice_Kim_2020","y.pheno",4,1,6,0.2,"B1153",2292.17550674331,0,"B1153",2023.33333333333,0,"B1153",2023.33333333333,0
"599","Rice_Kim_2020","y.pheno",4,1,6,0.2,"A1258",2332.25276907666,0,"A1258",2587,0,"A1258",2587,1
"600","Rice_Kim_2020","y.pheno",4,1,6,0.2,"A1309",2410.86426904689,2410.86426904689,"A1309",2444.66666666667,2410.86426904689,"A1309",2444.66666666667,0
"601","Rice_Kim_2020","y.pheno",4,1,6,0.2,"A1257",2349.75435218207,0,"A1257",2442,0,"A1257",2442,0
"602","Rice_Kim_2020","y.pheno",4,1,6,0.2,"M1345",2265.10311819728,0,"M1345",1542.33333333333,0,"M1345",1542.33333333333,0
"603","Rice_Kim_2020","y.pheno",4,1,6,0.2,"A1321",2308.30615471077,0,"A1321",1799,0,"A1321",1799,0
"604","Rice_Kim_2020","y.pheno",4,1,6,0.2,"A1312",2383.84782103438,0,"A1312",2249.33333333333,0,"A1312",2249.33333333333,0
"605","Rice_Kim_2020","y.pheno",4,1,6,0.2,"B1060",2322.46255033366,0,"B1060",1825.33333333333,0,"B1060",1825.33333333333,0
"606","Rice_Kim_2020","y.pheno",4,1,6,0.2,"M1358",2226.82516181928,0,"M1358",1759.33333333333,0,"M1358",1759.33333333333,0
"607","Rice_Kim_2020","y.pheno",4,1,6,0.2,"M1364",2358.44475371317,0,"M1364",2437,0,"M1364",2437,1
"608","Rice_Kim_2020","y.pheno",4,1,6,0.2,"A1318",2252.99692844507,0,"A1318",2254.66666666667,0,"A1318",2254.66666666667,0
"609","Rice_Kim_2020","y.pheno",4,1,6,0.2,"B1058",2293.50409776291,0,"B1058",2114.33333333333,0,"B1058",2114.33333333333,0
"610","Rice_Kim_2020","y.pheno",5,1,6,0.2,"B1159",2165.17326117798,0,"B1159",2115,0,"B1159",2115,0
"611","Rice_Kim_2020","y.pheno",5,1,6,0.2,"B1107",2035.05594098897,0,"B1107",2389.33333333333,0,"B1107",2389.33333333333,1
"612","Rice_Kim_2020","y.pheno",5,1,6,0.2,"B1216",2264.72180717132,0,"B1216",2371.66666666667,0,"B1216",2371.66666666667,0
"613","Rice_Kim_2020","y.pheno",5,1,6,0.2,"B1208",2156.37319545514,0,"B1208",2250,0,"B1208",2250,0
"614","Rice_Kim_2020","y.pheno",5,1,6,0.2,"B1011",2345.16838342838,0,"B1011",2147,0,"B1011",2147,0
"615","Rice_Kim_2020","y.pheno",5,1,6,0.2,"M1347",2288.67188833385,0,"M1347",2185.66666666667,0,"M1347",2185.66666666667,0
"616","Rice_Kim_2020","y.pheno",5,1,6,0.2,"M1361",2319.23526056155,0,"M1361",2342.66666666667,0,"M1361",2342.66666666667,0
"617","Rice_Kim_2020","y.pheno",5,1,6,0.2,"B1203",1903.67587065808,0,"B1203",2078.33333333333,0,"B1203",2078.33333333333,0
"618","Rice_Kim_2020","y.pheno",5,1,6,0.2,"A1277",2386.51711718761,0,"A1277",2732,0,"A1277",2732,0
"619","Rice_Kim_2020","y.pheno",5,1,6,0.2,"A1259",2538.23732369108,2538.23732369108,"A1259",2336,2538.23732369108,"A1259",2336,0
"620","Rice_Kim_2020","y.pheno",5,1,6,0.2,"B1008",2459.02757700225,2459.02757700225,"B1008",2146.66666666667,2459.02757700225,"B1008",2146.66666666667,1
"621","Rice_Kim_2020","y.pheno",5,1,6,0.2,"B1110",1991.81324786026,0,"B1110",2151,0,"B1110",2151,0
"622","Rice_Kim_2020","y.pheno",5,1,6,0.2,"B1058",2311.53748824563,0,"B1058",2114.33333333333,0,"B1058",2114.33333333333,0
"623","Rice_Kim_2020","y.pheno",5,1,6,0.2,"B1103",2347.69428175687,0,"B1103",2168.33333333333,0,"B1103",2168.33333333333,0
"624","Rice_Kim_2020","y.pheno",5,1,6,0.2,"B1209",2386.67111888304,0,"B1209",1713,0,"B1209",1713,1
"625","Rice_Kim_2020","y.pheno",5,1,6,0.2,"A1274",2477.3876351175,2477.3876351175,"A1274",2866,2477.3876351175,"A1274",2866,0
"626","Rice_Kim_2020","y.pheno",5,1,6,0.2,"A1311",2320.60097472191,0,"A1311",2085.66666666667,0,"A1311",2085.66666666667,0
"627","Rice_Kim_2020","y.pheno",5,1,6,0.2,"A1312",2291.98686712128,0,"A1312",2249.33333333333,0,"A1312",2249.33333333333,0
"628","Rice_Kim_2020","y.pheno",5,1,6,0.2,"B1206",2058.94365327502,0,"B1206",2572.66666666667,0,"B1206",2572.66666666667,0
"629","Rice_Kim_2020","y.pheno",5,1,6,0.2,"M1351",2309.3441110411,0,"M1351",2198,0,"M1351",2198,1
"630","Rice_Kim_2020","y.pheno",5,1,6,0.2,"B1207",2408.72946328429,2408.72946328429,"B1207",2344.66666666667,2408.72946328429,"B1207",2344.66666666667,0
"631","Rice_Kim_2020","y.pheno",1,1,7,0.2,"B1161",3001.78203973649,0,"B1161",2658.5,0,"B1161",2658.5,1
"632","Rice_Kim_2020","y.pheno",1,1,7,0.2,"B1009",2932.93235688364,0,"B1009",2920,0,"B1009",2920,1
"633","Rice_Kim_2020","y.pheno",1,1,7,0.2,"A1257",3028.70781432967,0,"A1257",2581,0,"A1257",2581,0
"634","Rice_Kim_2020","y.pheno",1,1,7,0.2,"A1320",3044.21522334975,0,"A1320",2608.5,0,"A1320",2608.5,1
"635","Rice_Kim_2020","y.pheno",1,1,7,0.2,"M1353",3036.90258878582,0,"M1353",3630.5,0,"M1353",3630.5,0
"636","Rice_Kim_2020","y.pheno",1,1,7,0.2,"B1019",3039.16127688177,0,"B1019",3422,0,"B1019",3422,0
"637","Rice_Kim_2020","y.pheno",1,1,7,0.2,"A1272",3146.98257390115,3146.98257390115,"A1272",3161.5,3146.98257390115,"A1272",3161.5,1
"638","Rice_Kim_2020","y.pheno",1,1,7,0.2,"B1219",2982.36055874753,0,"B1219",3082.5,0,"B1219",3082.5,0
"639","Rice_Kim_2020","y.pheno",1,1,7,0.2,"B1111",3059.10581339449,0,"B1111",2794.5,0,"B1111",2794.5,0
"640","Rice_Kim_2020","y.pheno",1,1,7,0.2,"B1075",2973.98315880529,0,"B1075",2422,0,"B1075",2422,0
"641","Rice_Kim_2020","y.pheno",1,1,7,0.2,"M1364",3039.88126157679,0,"M1364",2880,0,"M1364",2880,0
"642","Rice_Kim_2020","y.pheno",1,1,7,0.2,"M1347",3062.33987735078,0,"M1347",2436.5,0,"M1347",2436.5,0
"643","Rice_Kim_2020","y.pheno",1,1,7,0.2,"A1302",2942.6829841713,0,"A1302",2813.5,0,"A1302",2813.5,0
"644","Rice_Kim_2020","y.pheno",1,1,7,0.2,"B1104",3031.14710396589,0,"B1104",3522.5,0,"B1104",3522.5,0
"645","Rice_Kim_2020","y.pheno",1,1,7,0.2,"B1207",3090.32879982924,3090.32879982924,"B1207",3390.5,3090.32879982924,"B1207",3390.5,0
"646","Rice_Kim_2020","y.pheno",1,1,7,0.2,"A1263",3082.03162030845,3082.03162030845,"A1263",3327,3082.03162030845,"A1263",3327,0
"647","Rice_Kim_2020","y.pheno",1,1,7,0.2,"B1206",3034.33067069838,0,"B1206",3581.5,0,"B1206",3581.5,0
"648","Rice_Kim_2020","y.pheno",1,1,7,0.2,"B1216",3023.53031363497,0,"B1216",2310,0,"B1216",2310,0
"649","Rice_Kim_2020","y.pheno",1,1,7,0.2,"M1363",2984.06822101544,0,"M1363",3185.5,0,"M1363",3185.5,0
"650","Rice_Kim_2020","y.pheno",1,1,7,0.2,"B1007",3077.78293344627,3077.78293344627,"B1007",3072,3077.78293344627,"B1007",3072,0
"651","Rice_Kim_2020","y.pheno",1,1,7,0.2,"M1354",3036.38186715073,0,"M1354",3058,0,"M1354",3058,0
"652","Rice_Kim_2020","y.pheno",2,1,7,0.2,"M1347",3063.00761380581,0,"M1347",2436.5,0,"M1347",2436.5,0
"653","Rice_Kim_2020","y.pheno",2,1,7,0.2,"B1216",3017.01335809889,0,"B1216",2310,0,"B1216",2310,0
"654","Rice_Kim_2020","y.pheno",2,1,7,0.2,"B1202",2949.88560257781,0,"B1202",3806.5,0,"B1202",3806.5,0
"655","Rice_Kim_2020","y.pheno",2,1,7,0.2,"A1262",2936.04259880973,0,"A1262",3580,0,"A1262",3580,0
"656","Rice_Kim_2020","y.pheno",2,1,7,0.2,"A1318",2985.7190945375,0,"A1318",3203,0,"A1318",3203,0
"657","Rice_Kim_2020","y.pheno",2,1,7,0.2,"A1264",3104.47502008702,3104.47502008702,"A1264",3128,3104.47502008702,"A1264",3128,1
"658","Rice_Kim_2020","y.pheno",2,1,7,0.2,"A1275",3054.2096524691,0,"A1275",3036.5,0,"A1275",3036.5,0
"659","Rice_Kim_2020","y.pheno",2,1,7,0.2,"M1360",3010.81084057528,0,"M1360",3695.5,0,"M1360",3695.5,0
"660","Rice_Kim_2020","y.pheno",2,1,7,0.2,"B1218",3031.0608600131,0,"B1218",2871.5,0,"B1218",2871.5,0
"661","Rice_Kim_2020","y.pheno",2,1,7,0.2,"B1209",3105.43179656348,3105.43179656348,"B1209",3016,3105.43179656348,"B1209",3016,0
"662","Rice_Kim_2020","y.pheno",2,1,7,0.2,"B1011",3108.7632864604,3108.7632864604,"B1011",2891,3108.7632864604,"B1011",2891,0
"663","Rice_Kim_2020","y.pheno",2,1,7,0.2,"B1062",2999.23082480305,0,"B1062",2943,0,"B1062",2943,0
"664","Rice_Kim_2020","y.pheno",2,1,7,0.2,"B1208",3052.96423656928,0,"B1208",2855,0,"B1208",2855,0
"665","Rice_Kim_2020","y.pheno",2,1,7,0.2,"B1158",3011.24644253745,0,"B1158",2618,0,"B1158",2618,0
"666","Rice_Kim_2020","y.pheno",2,1,7,0.2,"A1259",3168.45837328111,3168.45837328111,"A1259",2890.5,3168.45837328111,"A1259",2890.5,1
"667","Rice_Kim_2020","y.pheno",2,1,7,0.2,"B1217",3078.71195062488,0,"B1217",3208,0,"B1217",3208,0
"668","Rice_Kim_2020","y.pheno",2,1,7,0.2,"M1363",3005.62127018664,0,"M1363",3185.5,0,"M1363",3185.5,0
"669","Rice_Kim_2020","y.pheno",2,1,7,0.2,"B1105",3088.22874987383,0,"B1105",3225,0,"B1105",3225,0
"670","Rice_Kim_2020","y.pheno",2,1,7,0.2,"B1155",2982.41626172529,0,"B1155",2618.5,0,"B1155",2618.5,1
"671","Rice_Kim_2020","y.pheno",2,1,7,0.2,"M1463",3012.39133387721,0,"M1463",2980,0,"M1463",2980,0
"672","Rice_Kim_2020","y.pheno",2,1,7,0.2,"A1319",2963.26770160139,0,"A1319",2954,0,"A1319",2954,1
"673","Rice_Kim_2020","y.pheno",3,1,7,0.2,"A1261",3051.50750262126,0,"A1261",3125.5,0,"A1261",3125.5,0
"674","Rice_Kim_2020","y.pheno",3,1,7,0.2,"B1110",3023.24737485852,0,"B1110",3219,0,"B1110",3219,0
"675","Rice_Kim_2020","y.pheno",3,1,7,0.2,"A1269",3039.36268689627,0,"A1269",3128,0,"A1269",3128,0
"676","Rice_Kim_2020","y.pheno",3,1,7,0.2,"M1464",3006.92171268785,0,"M1464",2713,0,"M1464",2713,1
"677","Rice_Kim_2020","y.pheno",3,1,7,0.2,"B1005",3072.00603982515,3072.00603982515,"B1005",3325.5,3072.00603982515,"B1005",3325.5,1
"678","Rice_Kim_2020","y.pheno",3,1,7,0.2,"M1469",3007.28932865469,0,"M1469",3225,0,"M1469",3225,0
"679","Rice_Kim_2020","y.pheno",3,1,7,0.2,"M1362",2987.89904238238,0,"M1362",2852.5,0,"M1362",2852.5,1
"680","Rice_Kim_2020","y.pheno",3,1,7,0.2,"A1264",3080.91262351197,3080.91262351197,"A1264",3128,3080.91262351197,"A1264",3128,0
"681","Rice_Kim_2020","y.pheno",3,1,7,0.2,"A1279",3066.78067618214,3066.78067618214,"A1279",2347.5,3066.78067618214,"A1279",2347.5,0
"682","Rice_Kim_2020","y.pheno",3,1,7,0.2,"B1207",3097.64015108731,3097.64015108731,"B1207",3390.5,3097.64015108731,"B1207",3390.5,0
"683","Rice_Kim_2020","y.pheno",3,1,7,0.2,"B1105",3050.0008166986,0,"B1105",3225,0,"B1105",3225,0
"684","Rice_Kim_2020","y.pheno",3,1,7,0.2,"B1010",3061.27466757307,0,"B1010",3123,0,"B1010",3123,1
"685","Rice_Kim_2020","y.pheno",3,1,7,0.2,"B1060",3010.7703324052,0,"B1060",2440,0,"B1060",2440,0
"686","Rice_Kim_2020","y.pheno",3,1,7,0.2,"M1367",3051.60142027772,0,"M1367",2621.5,0,"M1367",2621.5,0
"687","Rice_Kim_2020","y.pheno",3,1,7,0.2,"B1007",2994.36234638254,0,"B1007",3072,0,"B1007",3072,0
"688","Rice_Kim_2020","y.pheno",3,1,7,0.2,"B1159",3006.45842043768,0,"B1159",2642.5,0,"B1159",2642.5,0
"689","Rice_Kim_2020","y.pheno",3,1,7,0.2,"A1314",3011.19989057329,0,"A1314",2557.5,0,"A1314",2557.5,0
"690","Rice_Kim_2020","y.pheno",3,1,7,0.2,"M1471",3012.78222165865,0,"M1471",3121.5,0,"M1471",3121.5,0
"691","Rice_Kim_2020","y.pheno",3,1,7,0.2,"M1360",3028.11721333959,0,"M1360",3695.5,0,"M1360",3695.5,0
"692","Rice_Kim_2020","y.pheno",3,1,7,0.2,"A1265",2995.02903930275,0,"A1265",2818.5,0,"A1265",2818.5,0
"693","Rice_Kim_2020","y.pheno",3,1,7,0.2,"M1354",3030.28897755728,0,"M1354",3058,0,"M1354",3058,0
"694","Rice_Kim_2020","y.pheno",4,1,7,0.2,"B1208",3034.12282722788,0,"B1208",2855,0,"B1208",2855,0
"695","Rice_Kim_2020","y.pheno",4,1,7,0.2,"B1075",2980.13883063276,0,"B1075",2422,0,"B1075",2422,0
"696","Rice_Kim_2020","y.pheno",4,1,7,0.2,"A1259",3105.79360175065,3105.79360175065,"A1259",2890.5,3105.79360175065,"A1259",2890.5,1
"697","Rice_Kim_2020","y.pheno",4,1,7,0.2,"B1203",2970.33794531835,0,"B1203",3143,0,"B1203",3143,0
"698","Rice_Kim_2020","y.pheno",4,1,7,0.2,"B1053",3111.34390077077,3111.34390077077,"B1053",3388,3111.34390077077,"B1053",3388,0
"699","Rice_Kim_2020","y.pheno",4,1,7,0.2,"B1110",2953.6120370795,0,"B1110",3219,0,"B1110",3219,0
"700","Rice_Kim_2020","y.pheno",4,1,7,0.2,"M1469",3014.63482221299,0,"M1469",3225,0,"M1469",3225,1
"701","Rice_Kim_2020","y.pheno",4,1,7,0.2,"B1106",3013.51849554572,0,"B1106",3160,0,"B1106",3160,0
"702","Rice_Kim_2020","y.pheno",4,1,7,0.2,"A1316",2976.20062772697,0,"A1316",3331.5,0,"A1316",3331.5,0
"703","Rice_Kim_2020","y.pheno",4,1,7,0.2,"B1153",2999.81933050473,0,"B1153",2831.5,0,"B1153",2831.5,0
"704","Rice_Kim_2020","y.pheno",4,1,7,0.2,"A1258",3014.72495695368,0,"A1258",3405.5,0,"A1258",3405.5,1
"705","Rice_Kim_2020","y.pheno",4,1,7,0.2,"A1309",3151.49942661845,3151.49942661845,"A1309",3493,3151.49942661845,"A1309",3493,0
"706","Rice_Kim_2020","y.pheno",4,1,7,0.2,"A1257",2979.11964166769,0,"A1257",2581,0,"A1257",2581,0
"707","Rice_Kim_2020","y.pheno",4,1,7,0.2,"M1345",3067.80843446056,0,"M1345",2087.5,0,"M1345",2087.5,0
"708","Rice_Kim_2020","y.pheno",4,1,7,0.2,"A1321",3029.65759681662,0,"A1321",3055.5,0,"A1321",3055.5,0
"709","Rice_Kim_2020","y.pheno",4,1,7,0.2,"A1312",3107.52598513662,3107.52598513662,"A1312",3370,3107.52598513662,"A1312",3370,0
"710","Rice_Kim_2020","y.pheno",4,1,7,0.2,"B1060",3010.11420452928,0,"B1060",2440,0,"B1060",2440,0
"711","Rice_Kim_2020","y.pheno",4,1,7,0.2,"M1358",3020.96095892022,0,"M1358",3181,0,"M1358",3181,0
"712","Rice_Kim_2020","y.pheno",4,1,7,0.2,"M1364",3067.76012604681,0,"M1364",2880,0,"M1364",2880,1
"713","Rice_Kim_2020","y.pheno",4,1,7,0.2,"A1318",2998.88624617843,0,"A1318",3203,0,"A1318",3203,0
"714","Rice_Kim_2020","y.pheno",4,1,7,0.2,"B1058",2962.60734897394,0,"B1058",3274,0,"B1058",3274,0
"715","Rice_Kim_2020","y.pheno",5,1,7,0.2,"B1159",2996.90263519339,0,"B1159",2642.5,0,"B1159",2642.5,0
"716","Rice_Kim_2020","y.pheno",5,1,7,0.2,"B1107",2852.3521170811,0,"B1107",2962.5,0,"B1107",2962.5,1
"717","Rice_Kim_2020","y.pheno",5,1,7,0.2,"B1216",2934.58584129745,0,"B1216",2310,0,"B1216",2310,0
"718","Rice_Kim_2020","y.pheno",5,1,7,0.2,"B1208",3018.5805224618,0,"B1208",2855,0,"B1208",2855,0
"719","Rice_Kim_2020","y.pheno",5,1,7,0.2,"B1011",3042.75566028492,0,"B1011",2891,0,"B1011",2891,0
"720","Rice_Kim_2020","y.pheno",5,1,7,0.2,"M1347",3042.34224856292,0,"M1347",2436.5,0,"M1347",2436.5,0
"721","Rice_Kim_2020","y.pheno",5,1,7,0.2,"M1361",3132.47800626431,3132.47800626431,"M1361",3255.5,3132.47800626431,"M1361",3255.5,0
"722","Rice_Kim_2020","y.pheno",5,1,7,0.2,"B1203",2938.17641698897,0,"B1203",3143,0,"B1203",3143,0
"723","Rice_Kim_2020","y.pheno",5,1,7,0.2,"A1277",3006.98070572431,0,"A1277",3519.5,0,"A1277",3519.5,0
"724","Rice_Kim_2020","y.pheno",5,1,7,0.2,"A1259",3151.86683401177,3151.86683401177,"A1259",2890.5,3151.86683401177,"A1259",2890.5,0
"725","Rice_Kim_2020","y.pheno",5,1,7,0.2,"B1008",2993.05029349617,0,"B1008",2734,0,"B1008",2734,1
"726","Rice_Kim_2020","y.pheno",5,1,7,0.2,"B1110",2934.89148738442,0,"B1110",3219,0,"B1110",3219,0
"727","Rice_Kim_2020","y.pheno",5,1,7,0.2,"B1058",2998.31993114602,0,"B1058",3274,0,"B1058",3274,0
"728","Rice_Kim_2020","y.pheno",5,1,7,0.2,"B1103",2907.90047527387,0,"B1103",2911,0,"B1103",2911,0
"729","Rice_Kim_2020","y.pheno",5,1,7,0.2,"B1209",3083.8664128852,0,"B1209",3016,0,"B1209",3016,1
"730","Rice_Kim_2020","y.pheno",5,1,7,0.2,"A1274",3156.63186644548,3156.63186644548,"A1274",4008.5,3156.63186644548,"A1274",4008.5,0
"731","Rice_Kim_2020","y.pheno",5,1,7,0.2,"A1311",3080.1165424164,0,"A1311",2696.5,0,"A1311",2696.5,0
"732","Rice_Kim_2020","y.pheno",5,1,7,0.2,"A1312",3106.01836997774,0,"A1312",3370,0,"A1312",3370,0
"733","Rice_Kim_2020","y.pheno",5,1,7,0.2,"B1206",2991.71083756538,0,"B1206",3581.5,0,"B1206",3581.5,0
"734","Rice_Kim_2020","y.pheno",5,1,7,0.2,"M1351",3127.0180448147,3127.0180448147,"M1351",2955,3127.0180448147,"M1351",2955,1
"735","Rice_Kim_2020","y.pheno",5,1,7,0.2,"B1207",3079.74060713112,0,"B1207",3390.5,0,"B1207",3390.5,0
"736","Rice_Kim_2020","y.pheno",1,1,8,0.2,"B1161",2895.36051010022,0,"B1161",2398.33333333333,0,"B1161",2398.33333333333,1
"737","Rice_Kim_2020","y.pheno",1,1,8,0.2,"B1009",2878.45842065507,0,"B1009",2758,0,"B1009",2758,1
"738","Rice_Kim_2020","y.pheno",1,1,8,0.2,"A1257",2920.49506973938,0,"A1257",3023.66666666667,0,"A1257",3023.66666666667,0
"739","Rice_Kim_2020","y.pheno",1,1,8,0.2,"A1320",2956.18634654228,0,"A1320",2450,0,"A1320",2450,1
"740","Rice_Kim_2020","y.pheno",1,1,8,0.2,"M1353",2847.68720754049,0,"M1353",3259.66666666667,0,"M1353",3259.66666666667,0
"741","Rice_Kim_2020","y.pheno",1,1,8,0.2,"B1019",3005.88541263461,3005.88541263461,"B1019",3316.66666666667,3005.88541263461,"B1019",3316.66666666667,0
"742","Rice_Kim_2020","y.pheno",1,1,8,0.2,"A1272",2978.02687437059,2978.02687437059,"A1272",2978.33333333333,2978.02687437059,"A1272",2978.33333333333,1
"743","Rice_Kim_2020","y.pheno",1,1,8,0.2,"B1219",2832.6029298215,0,"B1219",2707,0,"B1219",2707,0
"744","Rice_Kim_2020","y.pheno",1,1,8,0.2,"B1111",2934.21528702374,0,"B1111",3018.33333333333,0,"B1111",3018.33333333333,0
"745","Rice_Kim_2020","y.pheno",1,1,8,0.2,"B1075",2983.52382841744,2983.52382841744,"B1075",2545.66666666667,2983.52382841744,"B1075",2545.66666666667,0
"746","Rice_Kim_2020","y.pheno",1,1,8,0.2,"M1364",2918.58802805893,0,"M1364",2538.33333333333,0,"M1364",2538.33333333333,0
"747","Rice_Kim_2020","y.pheno",1,1,8,0.2,"M1347",2866.9133956004,0,"M1347",2420,0,"M1347",2420,0
"748","Rice_Kim_2020","y.pheno",1,1,8,0.2,"A1302",2893.23583847798,0,"A1302",3047,0,"A1302",3047,0
"749","Rice_Kim_2020","y.pheno",1,1,8,0.2,"B1104",2926.59216180721,0,"B1104",2840.33333333333,0,"B1104",2840.33333333333,0
"750","Rice_Kim_2020","y.pheno",1,1,8,0.2,"B1207",2976.84667951466,2976.84667951466,"B1207",3081.33333333333,2976.84667951466,"B1207",3081.33333333333,0
"751","Rice_Kim_2020","y.pheno",1,1,8,0.2,"A1263",2932.2110724589,0,"A1263",2991.66666666667,0,"A1263",2991.66666666667,0
"752","Rice_Kim_2020","y.pheno",1,1,8,0.2,"B1206",2865.77185999599,0,"B1206",3089.33333333333,0,"B1206",3089.33333333333,0
"753","Rice_Kim_2020","y.pheno",1,1,8,0.2,"B1216",2943.20869290258,0,"B1216",2609.66666666667,0,"B1216",2609.66666666667,0
"754","Rice_Kim_2020","y.pheno",1,1,8,0.2,"M1363",2877.81005557769,0,"M1363",2840,0,"M1363",2840,0
"755","Rice_Kim_2020","y.pheno",1,1,8,0.2,"B1007",2963.11650401154,0,"B1007",3025.66666666667,0,"B1007",3025.66666666667,0
"756","Rice_Kim_2020","y.pheno",1,1,8,0.2,"M1354",2846.2246111571,0,"M1354",2841,0,"M1354",2841,0
"757","Rice_Kim_2020","y.pheno",2,1,8,0.2,"M1347",2868.43651341774,0,"M1347",2420,0,"M1347",2420,0
"758","Rice_Kim_2020","y.pheno",2,1,8,0.2,"B1216",2911.92810534662,0,"B1216",2609.66666666667,0,"B1216",2609.66666666667,0
"759","Rice_Kim_2020","y.pheno",2,1,8,0.2,"B1202",2887.73148167896,0,"B1202",2828.33333333333,0,"B1202",2828.33333333333,0
"760","Rice_Kim_2020","y.pheno",2,1,8,0.2,"A1262",2829.01713151057,0,"A1262",3386.33333333333,0,"A1262",3386.33333333333,0
"761","Rice_Kim_2020","y.pheno",2,1,8,0.2,"A1318",2955.57790811413,2955.57790811413,"A1318",2775.66666666667,2955.57790811413,"A1318",2775.66666666667,0
"762","Rice_Kim_2020","y.pheno",2,1,8,0.2,"A1264",2915.78809431668,0,"A1264",2993.66666666667,0,"A1264",2993.66666666667,1
"763","Rice_Kim_2020","y.pheno",2,1,8,0.2,"A1275",2927.78963417404,0,"A1275",2975.33333333333,0,"A1275",2975.33333333333,0
"764","Rice_Kim_2020","y.pheno",2,1,8,0.2,"M1360",2882.17325948929,0,"M1360",2994.66666666667,0,"M1360",2994.66666666667,0
"765","Rice_Kim_2020","y.pheno",2,1,8,0.2,"B1218",2873.24880640967,0,"B1218",2972,0,"B1218",2972,0
"766","Rice_Kim_2020","y.pheno",2,1,8,0.2,"B1209",2926.1826834113,0,"B1209",2596.33333333333,0,"B1209",2596.33333333333,0
"767","Rice_Kim_2020","y.pheno",2,1,8,0.2,"B1011",2983.59959020465,2983.59959020465,"B1011",2710,2983.59959020465,"B1011",2710,0
"768","Rice_Kim_2020","y.pheno",2,1,8,0.2,"B1062",2919.43057916485,0,"B1062",3092.33333333333,0,"B1062",3092.33333333333,0
"769","Rice_Kim_2020","y.pheno",2,1,8,0.2,"B1208",2894.68799875545,0,"B1208",2735.33333333333,0,"B1208",2735.33333333333,0
"770","Rice_Kim_2020","y.pheno",2,1,8,0.2,"B1158",2926.17119592704,0,"B1158",3233.66666666667,0,"B1158",3233.66666666667,0
"771","Rice_Kim_2020","y.pheno",2,1,8,0.2,"A1259",2926.30812038991,0,"A1259",2993,0,"A1259",2993,1
"772","Rice_Kim_2020","y.pheno",2,1,8,0.2,"B1217",2870.98693136117,0,"B1217",3008.66666666667,0,"B1217",3008.66666666667,0
"773","Rice_Kim_2020","y.pheno",2,1,8,0.2,"M1363",2862.16970057224,0,"M1363",2840,0,"M1363",2840,0
"774","Rice_Kim_2020","y.pheno",2,1,8,0.2,"B1105",2955.71145722743,2955.71145722743,"B1105",2800.33333333333,2955.71145722743,"B1105",2800.33333333333,0
"775","Rice_Kim_2020","y.pheno",2,1,8,0.2,"B1155",2898.55222697479,0,"B1155",2759.33333333333,0,"B1155",2759.33333333333,1
"776","Rice_Kim_2020","y.pheno",2,1,8,0.2,"M1463",2938.67626048175,2938.67626048175,"M1463",3271,2938.67626048175,"M1463",3271,0
"777","Rice_Kim_2020","y.pheno",2,1,8,0.2,"A1319",2929.31637393304,0,"A1319",2817.66666666667,0,"A1319",2817.66666666667,1
"778","Rice_Kim_2020","y.pheno",3,1,8,0.2,"A1261",2913.89319816011,0,"A1261",2901.33333333333,0,"A1261",2901.33333333333,0
"779","Rice_Kim_2020","y.pheno",3,1,8,0.2,"B1110",2914.16831143536,0,"B1110",3024.66666666667,0,"B1110",3024.66666666667,0
"780","Rice_Kim_2020","y.pheno",3,1,8,0.2,"A1269",2903.50234658186,0,"A1269",2926.66666666667,0,"A1269",2926.66666666667,0
"781","Rice_Kim_2020","y.pheno",3,1,8,0.2,"M1464",2875.57009692691,0,"M1464",2567,0,"M1464",2567,1
"782","Rice_Kim_2020","y.pheno",3,1,8,0.2,"B1005",2922.30562423577,0,"B1005",3150.33333333333,0,"B1005",3150.33333333333,1
"783","Rice_Kim_2020","y.pheno",3,1,8,0.2,"M1469",2895.45593561219,0,"M1469",3232.66666666667,0,"M1469",3232.66666666667,0
"784","Rice_Kim_2020","y.pheno",3,1,8,0.2,"M1362",2849.47688565772,0,"M1362",2359.66666666667,0,"M1362",2359.66666666667,1
"785","Rice_Kim_2020","y.pheno",3,1,8,0.2,"A1264",2892.33250501131,0,"A1264",2993.66666666667,0,"A1264",2993.66666666667,0
"786","Rice_Kim_2020","y.pheno",3,1,8,0.2,"A1279",2923.26520979483,2923.26520979483,"A1279",2535.33333333333,2923.26520979483,"A1279",2535.33333333333,0
"787","Rice_Kim_2020","y.pheno",3,1,8,0.2,"B1207",2968.17583887181,2968.17583887181,"B1207",3081.33333333333,2968.17583887181,"B1207",3081.33333333333,0
"788","Rice_Kim_2020","y.pheno",3,1,8,0.2,"B1105",2889.66555254671,0,"B1105",2800.33333333333,0,"B1105",2800.33333333333,0
"789","Rice_Kim_2020","y.pheno",3,1,8,0.2,"B1010",2934.49976970305,2934.49976970305,"B1010",3254.66666666667,2934.49976970305,"B1010",3254.66666666667,1
"790","Rice_Kim_2020","y.pheno",3,1,8,0.2,"B1060",2896.62116864405,0,"B1060",2754,0,"B1060",2754,0
"791","Rice_Kim_2020","y.pheno",3,1,8,0.2,"M1367",2957.92055596663,2957.92055596663,"M1367",2863.66666666667,2957.92055596663,"M1367",2863.66666666667,0
"792","Rice_Kim_2020","y.pheno",3,1,8,0.2,"B1007",2876.40833287732,0,"B1007",3025.66666666667,0,"B1007",3025.66666666667,0
"793","Rice_Kim_2020","y.pheno",3,1,8,0.2,"B1159",2920.80267899038,0,"B1159",2602,0,"B1159",2602,0
"794","Rice_Kim_2020","y.pheno",3,1,8,0.2,"A1314",2907.09118192033,0,"A1314",3291.66666666667,0,"A1314",3291.66666666667,0
"795","Rice_Kim_2020","y.pheno",3,1,8,0.2,"M1471",2907.40382996794,0,"M1471",3043.66666666667,0,"M1471",3043.66666666667,0
"796","Rice_Kim_2020","y.pheno",3,1,8,0.2,"M1360",2896.1432593842,0,"M1360",2994.66666666667,0,"M1360",2994.66666666667,0
"797","Rice_Kim_2020","y.pheno",3,1,8,0.2,"A1265",2907.749704091,0,"A1265",3063.33333333333,0,"A1265",3063.33333333333,0
"798","Rice_Kim_2020","y.pheno",3,1,8,0.2,"M1354",2862.18625706834,0,"M1354",2841,0,"M1354",2841,0
"799","Rice_Kim_2020","y.pheno",4,1,8,0.2,"B1208",2889.67272594185,0,"B1208",2735.33333333333,0,"B1208",2735.33333333333,0
"800","Rice_Kim_2020","y.pheno",4,1,8,0.2,"B1075",2978.93109778192,2978.93109778192,"B1075",2545.66666666667,2978.93109778192,"B1075",2545.66666666667,0
"801","Rice_Kim_2020","y.pheno",4,1,8,0.2,"A1259",2909.43142916485,0,"A1259",2993,0,"A1259",2993,1
"802","Rice_Kim_2020","y.pheno",4,1,8,0.2,"B1203",2909.984254608,0,"B1203",3184.66666666667,0,"B1203",3184.66666666667,0
"803","Rice_Kim_2020","y.pheno",4,1,8,0.2,"B1053",2969.62579370276,2969.62579370276,"B1053",3093,2969.62579370276,"B1053",3093,0
"804","Rice_Kim_2020","y.pheno",4,1,8,0.2,"B1110",2911.54734622949,0,"B1110",3024.66666666667,0,"B1110",3024.66666666667,0
"805","Rice_Kim_2020","y.pheno",4,1,8,0.2,"M1469",2929.77989346865,0,"M1469",3232.66666666667,0,"M1469",3232.66666666667,1
"806","Rice_Kim_2020","y.pheno",4,1,8,0.2,"B1106",2977.8498967517,2977.8498967517,"B1106",3016,2977.8498967517,"B1106",3016,0
"807","Rice_Kim_2020","y.pheno",4,1,8,0.2,"A1316",2919.39418331582,0,"A1316",3186.66666666667,0,"A1316",3186.66666666667,0
"808","Rice_Kim_2020","y.pheno",4,1,8,0.2,"B1153",2880.79744454082,0,"B1153",2847.66666666667,0,"B1153",2847.66666666667,0
"809","Rice_Kim_2020","y.pheno",4,1,8,0.2,"A1258",2934.57533897742,0,"A1258",3135.66666666667,0,"A1258",3135.66666666667,1
"810","Rice_Kim_2020","y.pheno",4,1,8,0.2,"A1309",2942.84604455307,0,"A1309",3207.33333333333,0,"A1309",3207.33333333333,0
"811","Rice_Kim_2020","y.pheno",4,1,8,0.2,"A1257",2899.96790876927,0,"A1257",3023.66666666667,0,"A1257",3023.66666666667,0
"812","Rice_Kim_2020","y.pheno",4,1,8,0.2,"M1345",2897.75386942636,0,"M1345",1968.66666666667,0,"M1345",1968.66666666667,0
"813","Rice_Kim_2020","y.pheno",4,1,8,0.2,"A1321",2911.9083677266,0,"A1321",2385,0,"A1321",2385,0
"814","Rice_Kim_2020","y.pheno",4,1,8,0.2,"A1312",2913.7312089389,0,"A1312",2725.33333333333,0,"A1312",2725.33333333333,0
"815","Rice_Kim_2020","y.pheno",4,1,8,0.2,"B1060",2939.84490025159,0,"B1060",2754,0,"B1060",2754,0
"816","Rice_Kim_2020","y.pheno",4,1,8,0.2,"M1358",2918.5764128201,0,"M1358",2557.66666666667,0,"M1358",2557.66666666667,0
"817","Rice_Kim_2020","y.pheno",4,1,8,0.2,"M1364",2927.85306014171,0,"M1364",2538.33333333333,0,"M1364",2538.33333333333,1
"818","Rice_Kim_2020","y.pheno",4,1,8,0.2,"A1318",2958.59140308767,2958.59140308767,"A1318",2775.66666666667,2958.59140308767,"A1318",2775.66666666667,0
"819","Rice_Kim_2020","y.pheno",4,1,8,0.2,"B1058",2896.02191846238,0,"B1058",2873,0,"B1058",2873,0
"820","Rice_Kim_2020","y.pheno",5,1,8,0.2,"B1159",3000.25832188706,3000.25832188706,"B1159",2602,3000.25832188706,"B1159",2602,0
"821","Rice_Kim_2020","y.pheno",5,1,8,0.2,"B1107",2782.58165636808,0,"B1107",3104,0,"B1107",3104,1
"822","Rice_Kim_2020","y.pheno",5,1,8,0.2,"B1216",2899.12827233331,0,"B1216",2609.66666666667,0,"B1216",2609.66666666667,0
"823","Rice_Kim_2020","y.pheno",5,1,8,0.2,"B1208",2883.70988747847,0,"B1208",2735.33333333333,0,"B1208",2735.33333333333,0
"824","Rice_Kim_2020","y.pheno",5,1,8,0.2,"B1011",2961.35586281636,0,"B1011",2710,0,"B1011",2710,0
"825","Rice_Kim_2020","y.pheno",5,1,8,0.2,"M1347",2827.76520420046,0,"M1347",2420,0,"M1347",2420,0
"826","Rice_Kim_2020","y.pheno",5,1,8,0.2,"M1361",2935.96770990787,0,"M1361",2854.33333333333,0,"M1361",2854.33333333333,0
"827","Rice_Kim_2020","y.pheno",5,1,8,0.2,"B1203",2845.17461527126,0,"B1203",3184.66666666667,0,"B1203",3184.66666666667,0
"828","Rice_Kim_2020","y.pheno",5,1,8,0.2,"A1277",2910.09459741258,0,"A1277",3000,0,"A1277",3000,0
"829","Rice_Kim_2020","y.pheno",5,1,8,0.2,"A1259",2923.80778883058,0,"A1259",2993,0,"A1259",2993,0
"830","Rice_Kim_2020","y.pheno",5,1,8,0.2,"B1008",2942.93214602344,0,"B1008",2788.33333333333,0,"B1008",2788.33333333333,1
"831","Rice_Kim_2020","y.pheno",5,1,8,0.2,"B1110",2897.33680818027,0,"B1110",3024.66666666667,0,"B1110",3024.66666666667,0
"832","Rice_Kim_2020","y.pheno",5,1,8,0.2,"B1058",2965.92930003255,0,"B1058",2873,0,"B1058",2873,0
"833","Rice_Kim_2020","y.pheno",5,1,8,0.2,"B1103",2907.32308918668,0,"B1103",2938.33333333333,0,"B1103",2938.33333333333,0
"834","Rice_Kim_2020","y.pheno",5,1,8,0.2,"B1209",2930.10428795324,0,"B1209",2596.33333333333,0,"B1209",2596.33333333333,1
"835","Rice_Kim_2020","y.pheno",5,1,8,0.2,"A1274",2976.31423567146,2976.31423567146,"A1274",3398.66666666667,2976.31423567146,"A1274",3398.66666666667,0
"836","Rice_Kim_2020","y.pheno",5,1,8,0.2,"A1311",2989.5894103858,2989.5894103858,"A1311",2738.33333333333,2989.5894103858,"A1311",2738.33333333333,0
"837","Rice_Kim_2020","y.pheno",5,1,8,0.2,"A1312",2910.52986363872,0,"A1312",2725.33333333333,0,"A1312",2725.33333333333,0
"838","Rice_Kim_2020","y.pheno",5,1,8,0.2,"B1206",2836.84808885617,0,"B1206",3089.33333333333,0,"B1206",3089.33333333333,0
"839","Rice_Kim_2020","y.pheno",5,1,8,0.2,"M1351",2932.90270072394,0,"M1351",2629.33333333333,0,"M1351",2629.33333333333,1
"840","Rice_Kim_2020","y.pheno",5,1,8,0.2,"B1207",2973.7437323492,2973.7437323492,"B1207",3081.33333333333,2973.7437323492,"B1207",3081.33333333333,0
